geo,year,ss_loo_origin_supply,ss_push_index_wb,ss_push_gdp_downturn,ss_push_conflict_log,ss_push_unemployment,ss_asylum_loo,ss_loo_origin_supply_logdiff,ss_asylum_loo_logdiff
AT,1998,31310.926578796127,0.039205016498716626,-2.5803225238856933,0.5733263184368209,9.95375061160783,,,
AT,1999,36949.57344789792,0.22452274280866003,-1.4180557281394188,0.6643739647961228,10.130276305417636,,16.558697469034023,
AT,2000,36155.04394154945,-0.0911999256991877,-3.988036215774536,0.31374365534182563,10.01211861266303,,-2.1737636300391827,
AT,2001,29518.6312452304,-0.08786754285743419,-2.220814010475667,0.30062386360130194,10.217800146346212,,-20.27948353661504,
AT,2002,44264.48930510673,-0.21116191329840164,-3.2000390596183133,0.19637821236276654,10.732152812453874,,40.51611281540506,
AT,2003,16027.6882323199,0.05458756248318375,-2.783706777080381,0.21397613926381231,10.961430113402612,,-101.58650186351164,
AT,2004,49973.11119171668,0.09742311140307713,-4.965500656194116,0.2832602894749635,11.269558508650443,,113.71673434642827,
AT,2005,54757.43303718638,0.14951276650932543,-3.971590844144874,0.272030355313585,11.268751475238911,,9.142803810888367,
AT,2006,61269.45777786153,-0.09274945646539683,-5.224639165931636,0.2634503093776341,10.551615580532813,,11.236835426386804,
AT,2007,59734.27162924789,-0.13881498362396583,-5.252215651312196,0.2960262528940191,9.345750558219727,,-2.537555715348816,
AT,2008,75136.2166709063,-0.12608775734297162,-3.0267658080187987,0.3514448434908102,8.476456549935149,1201.405944294225,22.939676864941916,
AT,2009,41898.525627859795,0.42015907390171103,3.3812451945721818,0.28761794712024685,9.745364593638023,1082.4847451346166,-58.40520500479531,-10.414204048854536
AT,2010,41855.98647710749,0.045911972644025204,-3.2943961464831273,0.26049404757434313,10.111806574901939,1560.45610712794,-0.1015805676400916,36.54363252707648
AT,2011,43010.6468942256,-0.1629132207468439,-3.7855022881822173,0.3176435065283322,9.908065494640777,1548.4275790379463,2.7212854483149584,-0.7733229042556466
AT,2012,38277.96249956818,0.21052179688737355,-1.1546950600351729,0.3604066217179175,9.967832059870046,1997.9936279728538,-11.657334830738009,25.47583090305965
AT,2013,45600.77268601829,0.09990703796541738,-1.5267301107499227,0.20336657646015766,9.940213778527305,2752.743002232879,17.505032231648876,32.03172100480334
AT,2014,70165.1077434733,-0.016665561777025512,-2.1625046130639363,0.27568352879662616,9.336567892394708,2774.764668381367,43.09264855292305,0.796518745939423
AT,2015,77311.74358008058,-0.18704505996677728,-2.3553937970722054,0.4247011584018729,8.944213272910563,4666.4673877201085,9.699471940219517,51.969034389810176
AT,2016,73825.99556564695,-0.12631249259474175,-2.3360449921576407,0.42612453509369286,8.209027878011325,5353.147448519736,-4.61349531568036,13.725487528802383
AT,2017,75764.96249956818,-0.29688536003531163,-3.618250395530876,0.3317123176674065,7.405749104179033,2715.0815267741336,2.592503661058565,-67.86812581317187
AT,2018,70859.66285726847,-0.48776564067661987,-2.9561937459865257,0.3135999882533203,6.7562375833404,2596.3805692427995,-6.693460807569451,-4.468676265077232
AT,2019,66987.73814705596,-0.32615300750535897,-2.378930976575639,0.2788049900327336,6.368567386777965,2618.255669345493,-5.619175164352974,0.8386717923658971
AT,2020,48493.21505042035,-0.5075380075368141,3.5025525421261996,0.28981150694799523,6.893768678770064,1311.5782308438775,-32.30856976221084,-69.0896863580682
AT,2021,70737.08852689661,-0.436884082211318,-6.275513192248481,0.24214801639425754,6.669845410036335,1945.5649717514123,37.75461332602745,39.407294810893845
AT,2022,98645.5799769489,-0.21915495420490486,-3.075501546684028,0.29288412051656504,5.7634260025186625,3993.6236232935435,33.256340081574365,71.88830965696891
AT,2023,84843.69290534918,-0.13850488473383676,-1.6806607104103926,0.3001090989773251,5.46344826221724,6992.737317970121,-15.072276973620546,56.00657169003753
AT,2024,83590.30601746733,-0.11295113592400444,-1.7839993670229572,0.3644030770770051,5.363694048482679,4269.066147859922,-1.4883099990992577,-49.33857613162136
BG,1998,55150.60654685495,0.38089591235137543,-1.0040486367455894,2.296001205839935,8.901103979460848,,,
BG,1999,54882.986521181,0.8023140216861289,1.9715598763013433,1.9549394069510415,9.273497432605906,,-0.48643427140753204,
BG,2000,56287.75994865212,-0.9316974949610849,-5.0260723803885465,0.8490972499333457,8.238975609756098,,2.5273702792883768,
BG,2001,21984.401155327345,0.5046647285410458,3.557200486012997,0.7987426130147253,9.224418485237484,,-94.01439403700778,
BG,2002,67353.08729139924,-1.111821492280387,-4.062188536728069,0.29781536113496426,10.589586007702184,,111.96155778442254,
BG,2003,20551.42618741977,-0.6708877800387346,-3.905562783084161,0.6167355393758771,10.869499358151476,,-118.70184019399304,
BG,2004,51413.2702182285,-0.508594417141123,-7.038262895332415,0.935004571298487,11.092760590500642,,91.69659752096955,
BG,2005,46312.78177150193,-0.46821405318621295,-6.18265985475317,1.1172356356274613,10.860690629011554,,-10.447832741869867,
BG,2006,41374.99807445443,-0.40902820898517195,-5.241259713127571,1.007264995696077,10.380036585365856,,-11.274120001443144,
BG,2007,37238.28177150193,0.19679474447463904,-4.407604143672281,1.3885298956749088,10.182755455712453,,-10.533947513988728,
BG,2008,41235.89602053915,0.6471845693792674,-0.2645512041749067,1.3699466479682891,10.585366495507062,2037.6059050064187,10.19718276424797,
BG,2009,15252.206675224646,0.6356668740469467,5.358513141968085,0.7578693656282384,13.164994223363285,1872.2881899871632,-99.45849470608383,-8.457091727132049
BG,2010,17627.663029525032,-0.4300832375115641,-4.931563924166243,0.9403410545781603,12.059690629011554,2203.1578947368425,14.474523855844978,16.265025172936642
BG,2011,19016.40243902439,-0.5946949117248747,-5.814555727630943,1.2839827492783646,10.906793324775354,2099.0949935815147,7.58324618550521,-4.83629500597571
BG,2012,18800.175866495505,0.14197568077115,-2.4461416309655597,1.6250487008127499,10.953117458279847,2144.5218228498074,-1.1435668620642048,2.1400218104379753
BG,2013,20731.574454428755,-1.0987349709439465,-4.614729836768894,0.1891377543699335,11.400892811296533,2474.351732991014,9.779164969781462,14.299970341367096
BG,2014,41053.171373555844,0.14434989094974146,-2.3374353639248326,0.15345295873868844,11.321200898587934,2452.42297817715,68.32102151829903,-0.8898316840205922
BG,2015,51979.18228498075,-0.14952973810724807,-3.224915302409524,1.7062622594816266,11.290014762516048,2948.2028241335042,23.597520847648035,18.405072130301292
BG,2016,56360.76059050064,0.506126269990434,-1.8221096124079903,1.9662788471275756,11.39940243902439,6127.252888318357,8.092988440741244,73.1374794536797
BG,2017,62431.01540436457,-0.3392404891801823,-5.061710237371883,1.1891312621188619,11.107048138639282,7604.451219512195,10.228901146999547,21.595555664267607
BG,2018,57690.60654685494,0.08137611396904416,-2.1409376064709367,1.2432731562758863,10.798770218228498,10082.262516046216,-7.896783151476505,28.201161667659846
BG,2019,57261.75417201541,0.5214989778720684,-0.5278362312221895,0.9640551738014085,12.267199614890886,10677.362002567394,-0.7461427704088308,5.734257864141057
BG,2020,38905.84146341463,-0.5791368144440198,1.8290784319889637,0.8223007306187273,12.179752888318356,5556.1713735558415,-38.64885289036035,-65.31302181793404
BG,2021,59277.786906290115,-1.0578158929706358,-9.508287842083602,0.6147689555754602,11.248741976893452,8320.837612323492,42.10902418958895,40.37938642673069
BG,2022,104714.93003851091,-0.3525035620792041,-3.723315470146296,0.5823782126434303,9.757756097560975,23182.45827984596,56.90070585758047,102.45559218727021
BG,2023,124388.69961489088,-0.577009926483432,-3.6159593673141868,0.6859803543226364,8.896249037227214,49125.03209242619,17.216963109345862,75.09500602996368
BG,2024,95399.38254172016,-0.5843765330277243,-2.5182774231548097,0.43682229639000864,8.378098844672659,22930.009627727857,-26.53392309460809,-76.18989527185693
CZ,1998,21482.944591516753,0.3933688464921728,-0.7756346405032254,0.0836124101797114,10.108603703581448,,,
CZ,1999,24521.33246630357,0.28614596051410934,-1.4162423116567195,0.3221821473616001,10.902210276723332,,13.22841060989628,
CZ,2000,29155.101242229193,-0.12398396046878393,-5.260449210758971,0.2539250528959046,10.931583295373274,,17.30864456088117,
CZ,2001,15979.98813445563,-0.7241177285715141,-6.256056753159129,0.1865715878082621,10.745085591681796,,-60.129269940608054,
CZ,2002,34321.33524343951,-0.5993399664270621,-5.222881016544874,0.17719139314460647,10.210626589646255,,76.44299817444048,
CZ,2003,7413.961947516092,-0.8505614165324582,-7.246659399957136,0.1281240123436645,9.646517784012763,,-153.24022073595972,
CZ,2004,34589.43794025417,-0.7532488950119074,-8.837572258138223,0.18688438141044442,9.476967349947737,,154.01834014214515,
CZ,2005,32305.49227705342,-0.36198968479400695,-5.124205880922535,0.1486598708920285,8.505999564284535,,-6.831111830864778,
CZ,2006,30113.407292732572,-0.8332282803672009,-7.3745853484298145,0.10715148860823846,7.7508697650877485,,-7.026675772049984,
CZ,2007,28124.07935082797,-0.9780722745150322,-7.80137678524193,0.09129667220320484,6.909496876272212,,-6.834437179426089,
CZ,2008,40540.52009902624,-0.5217105276945594,-3.8448829699871436,0.14000494698580399,6.512810025856852,1073.5358089893823,36.56758444259065,
CZ,2009,24095.343645265995,1.1071173334411157,7.521915579398763,0.15448168541958435,8.272853562193982,1073.7830885184576,-52.0283358132728,0.023010036384363275
CZ,2010,28617.6556241404,-0.473988939935305,-4.764375122460624,0.12065055101314097,8.291952852505913,1049.952709468009,17.200524478252177,-2.242176796364337
CZ,2011,24563.789564834682,-0.5389368324024414,-4.874146559678949,0.12431339661805728,7.948993552291357,1031.2303240358697,-15.275046725307817,-1.7975270770445917
CZ,2012,21182.74724762062,-0.07257147532886471,-1.7429007618391548,0.14889299196466216,7.769166265060241,1401.646080211256,-14.808634833755185,30.663868564089558
CZ,2013,21866.90898608131,-0.09407917281539135,-1.690039635153962,0.10866120886814368,7.6635418715959736,2640.247829674864,3.1787447619985087,63.28909582398783
CZ,2014,36706.612195631846,0.9634950466900541,0.43707125169237854,2.035687927116558,8.022854319194586,5780.072729273258,51.79824187492983,78.33377905198509
CZ,2015,41229.5920184849,0.9992516790172338,2.140517738813125,1.6348580891837654,7.95019352588436,9368.921076085162,11.619934376079932,48.291541440779895
CZ,2016,37525.94043021401,-0.21266930350714813,-2.6711349900783667,1.2348402007010328,7.707127283930242,6589.497705892061,-9.41238127742654,-35.18758030944831
CZ,2017,40551.48648731914,-0.24065811423089534,-3.2898737270300566,1.049054840749293,7.375374765912968,4524.0526489519725,7.753999938625711,-37.59996578654583
CZ,2018,43884.094057325194,-0.933866280945831,-4.1151993997174925,0.8213931668057617,6.608592621444683,4421.305649997249,7.897949424682338,-2.2968011858221615
CZ,2019,40662.1366166034,-0.6379737563215865,-3.5662204421537056,0.907542685787146,6.273220663475821,4154.407536997304,-7.625457708338068,-6.225069334275979
CZ,2020,30477.267091379214,-0.7247121072803722,2.7270516617733724,0.7571116468231203,7.154131744512296,1708.5140562248996,-28.8316290744401,-88.82013545285359
CZ,2021,43603.0894581064,-0.2887735787860606,-5.073614421631577,0.7671493333581562,7.234697983165538,1834.428090443968,35.814694253326884,7.106859361111972
CZ,2022,635590.8449337075,2.7057373725730987,7.778717309674307,3.263747984169974,2.691117682785938,9949.244055674753,267.9427023766019,169.03193329848963
CZ,2023,236323.2227870386,0.08468952940601943,-8.179109186366002,3.2449704239114374,2.55359265445343,6737.002552676459,-98.93545746655067,-38.98335552461223
CZ,2024,195749.84800572152,0.8238268240231258,-2.989011912638369,3.3931241188987014,2.4208235594432526,6868.336909280959,-18.836289767679126,1.9304057988522416
DE,1998,10449.340782335394,-0.1224860941065517,-2.7845648233956584,0.3412083098319576,9.192776085854499,,,
DE,1999,10491.302003099518,-0.05723716196867775,-2.492731869429945,0.47849181810617325,9.767778960181714,,0.400763981853558,
DE,2000,12883.273253404148,-0.17156565784781838,-4.65302336625317,0.31285203226781844,10.125156946049374,,20.53832897611212,
DE,2001,15048.570459996889,-0.03759558923784446,-2.2735623083953773,0.2543939560782959,10.76164970286318,,15.535317766615364,
DE,2002,18129.297948537427,-0.10692315969170454,-2.9919921238239104,0.1954325541449353,11.319501616195073,,18.624630018875443,
DE,2003,14105.094748011477,0.0009316356354821934,-3.192987945962371,0.2229908148687321,11.140420126839668,,-25.09932390589693,
DE,2004,29755.114501170978,-0.020433298484205165,-5.5012278435459345,0.27911869601220946,10.892585643225488,,74.64649714550316,
DE,2005,38972.44538356373,0.07873668111320897,-4.0143383185784165,0.259083982686223,10.427605786815903,,26.98538345725776,
DE,2006,55965.660674349754,-0.21402808303732568,-5.298460191180624,0.25302168933799885,9.22926286655638,,36.188343261190425,
DE,2007,45277.81987242984,-0.31140632588153294,-5.315980279133332,0.24806322575721745,7.8001168242349275,,-21.19210153639024,
DE,2008,61256.33220053791,-0.25945420833834415,-2.946740423095202,0.2924106458653115,7.139527035388784,830.2349877738448,30.224994190501953,
DE,2009,43194.46056616261,0.057245871549197296,2.0482621432163715,0.24994877833363432,8.657825749548643,664.6162234121268,-34.93549675540475,-22.21992686593124
DE,2010,45886.67125628704,0.07090039062417937,-2.8497708446545187,0.2196445105002363,9.28906319313295,657.229699953841,6.046242892981368,-1.1159304842734308
DE,2011,48329.11330582264,-0.12910958077657345,-3.250970899118149,0.2578935980553455,9.269901142640157,646.625272593198,5.185945070374309,-1.6241712437035538
DE,2012,45137.67937019715,0.148140502318854,-1.264756745080436,0.29740927021779795,9.630242591604853,788.9894193221741,-6.831677856892604,19.870730606134313
DE,2013,46989.2126439163,0.11645036954681069,-1.3765334217854497,0.18518672894978108,9.809154332555199,1087.2271287773403,4.020069669446968,32.02856115880577
DE,2014,53158.93152735944,-0.09568323525243125,-2.3203043104364816,0.27661151530822725,9.17409811365192,1044.9537685714447,12.336807730651955,-3.9620718354727025
DE,2015,56406.994839888685,-0.3450100533194799,-2.6159729882252667,0.36185048926342284,8.574171738343274,2296.0769854199243,5.930703833907103,78.67082724235814
DE,2016,52572.575542525796,-0.17585083900840998,-2.3253299767170352,0.3495958762169803,7.876167488313835,1420.4702431817852,-7.0398566537141605,-47.99457202863158
DE,2017,52977.815315219435,-0.3707583758658987,-3.684563915227495,0.2764327957362027,7.094466688245321,1093.546425069695,0.7678640704748219,-26.135166472327143
DE,2018,51485.401676837806,-0.7757464710781304,-3.6152397267543392,0.24750140090685474,6.4006708045206855,1076.0177646066818,-2.857494206446809,-1.6144161207250818
DE,2019,46910.66500951832,-0.48559819433211704,-2.7805545921167005,0.21831149473367312,6.0578797185622815,1218.8944281100185,-9.305325637625472,12.456842809856017
DE,2020,27581.728094590075,-0.5294791424446182,3.6020097851309716,0.21819022489655412,6.671337380296714,586.5573476894361,-53.10915205955613,-73.05457453040711
DE,2021,41671.24754189103,-0.5528178893972335,-6.8889511005740145,0.1873662838808187,6.4627317293759585,899.2513191212281,41.2657855667419,42.67001134682733
DE,2022,57989.874989184435,-0.5329222813288718,-3.5679890231918874,0.2791928036193446,5.473059431771882,2282.9681169076107,33.0457042558951,93.09956435449145
DE,2023,51811.685369483035,-0.15382780315756436,-1.6617025009701518,0.29755390253655833,5.252975344665486,2127.0523064076638,-11.265271604732341,-7.070718111781726
DE,2024,45206.195808535194,-0.2034099120643999,-2.263026550138684,0.409804813602904,5.111165204796758,1576.9569033538644,-13.638155725385381,-29.907624013447975
DK,1998,28414.741784426646,-0.35246183012613,-2.924807307691536,0.2140380536595332,7.627588016653839,,,
DK,1999,30100.178186882866,-0.2788199948460432,-2.6031422801730417,0.24208274514098518,7.485732584033851,,5.762300415753252,
DK,2000,31135.31293498552,-0.27529877963619803,-4.077413385209622,0.24676333102559606,7.28609495018814,,3.381154761347638,
DK,2001,28973.17472727045,-0.23074099728629616,-2.0812203949787254,0.23427899706522043,7.348240168649025,,-7.19722466839805,
DK,2002,36928.441636442876,-0.12128937416598105,-2.001097367981888,0.19224498879010052,7.644098877541347,,24.26116377097305,
DK,2003,16592.584554358396,-0.1066429640732838,-2.616865453062831,0.21384733190384675,7.728808071852617,,-80.00261482431412,
DK,2004,46453.264371626465,-0.10931935738466113,-4.663409306750493,0.21961749252168625,7.67535838365,,102.94908579342757,
DK,2005,50962.602293331016,0.001896194617896877,-3.399971544614934,0.21284531244057428,7.44297843652349,,9.264533547318443,
DK,2006,59263.078845774326,-0.15414071820238717,-4.327736762630785,0.2407716127344748,6.7389021807631835,,15.089442029796807,
DK,2007,50508.279195044626,-0.1969832226035672,-4.202683670710979,0.20413894401641078,5.892182854453018,,-15.984922836859639,
DK,2008,60156.96086747583,-0.035791059861427596,-1.6188942728872766,0.2167467062935483,5.7990527482827146,574.4679977653378,17.481989356989835,
DK,2009,32994.85796986784,0.20767453186150847,3.0201385012065303,0.22379511523351886,7.47460756338946,503.453587533113,-60.060543063960914,-13.170778030945574
DK,2010,34789.32769878089,0.004797041526886682,-2.85008155676575,0.1744691848343314,7.810367155354931,493.35117346595035,5.295893419303788,-2.0229696504899586
DK,2011,37090.9327460886,-0.12340406987943112,-2.724898305436219,0.19346186469126908,7.520365742592912,556.7843998161234,6.406187494423321,12.072636536372183
DK,2012,35430.038454016816,-0.0016124349231974111,-1.4167938302716827,0.2037955829812704,7.59702646566234,657.2757363265564,-4.581253513911676,16.56513882561157
DK,2013,39593.03488529469,0.03351114288807695,-1.2975886911325571,0.18830685863314692,7.569284235257221,896.1570040978744,11.109321182690302,30.960698346600957
DK,2014,59929.464311288204,-0.15318516266004614,-2.166242824993538,0.3584569848108009,7.206629297387151,1393.768880301882,41.451505980104564,44.12531241450228
DK,2015,64333.03838008456,-0.27596857358085836,-1.9146385340119823,0.3471768216622489,6.782551926680662,3244.937156088292,7.090503960412775,84.46753841441677
DK,2016,60372.29615772851,-0.24737931632117796,-2.252459359769673,0.30191497163153286,6.341142932523099,3547.9629515904676,-6.3542988627844466,8.92513260090162
DK,2017,62432.13207252993,-0.24298867821064385,-2.7223424569788524,0.29646411970956676,5.881865550607526,1566.6558441364862,3.3549753067669386,-81.7074023818046
DK,2018,60282.26620532539,-0.4603703496747627,-2.46529028212402,0.23306583130947478,5.410323784246586,1418.3676636392202,-3.504211220186093,-9.936994554142409
DK,2019,59286.73520713852,-0.34753421500653126,-2.046382518070059,0.2240994926431551,5.205686313469206,1460.0226193961284,-1.6652376310215544,2.8925149643481696
DK,2020,38340.996507893164,-0.4323921146258617,4.109115971661435,0.2236899859970101,6.2163936669268205,785.0331323846552,-43.586586277090866,-61.98929490617999
DK,2021,54428.15130535156,-0.28159148766672065,-5.312573116459289,0.2169632069090304,5.987245901678441,1135.82469349414,35.0361778624702,36.89953537786677
DK,2022,112618.57749382756,-0.07084949747818312,-2.3341572710558105,0.3919940749212943,4.788964525334022,2722.6669736246663,72.71251814782022,87.37401049362789
DK,2023,76840.89213134185,-0.02318452799165521,-1.313525711291826,0.401360776211289,4.70088771180251,2968.012915488868,-38.226974064101604,8.625042145156137
DK,2024,71312.45973613337,0.027567923869757156,-1.3780301501943228,0.4342541240307101,4.774652047953418,2312.339258447506,-7.466588506895988,-24.953749875042597
EE,1998,32040.43963165455,0.19761750059145416,-2.144410789459109,0.042770036429973006,11.494591579720957,,,
EE,1999,34986.227755074775,-0.21227956233258208,-3.9931344293580078,0.7860871689769986,10.80302281559344,,8.795564789513755,
EE,2000,36241.13122585099,-0.3305592321477241,-6.112757172355173,0.6595053510697474,9.90570977763426,,3.5240204190275293,
EE,2001,19472.403988553233,-0.3906277520286353,-3.5991530381531502,0.43740641798626434,9.167104145556582,,-62.11964123465279,
EE,2002,40764.09334461679,-0.24000981097077134,-2.9914403263939575,0.5102263048395258,9.022830826104869,,73.88033456601218,
EE,2003,13925.251895731959,-0.38259340064017255,-4.062345758818351,0.33942707142529205,9.06326506842451,,-107.40977537327208,
EE,2004,40549.855746211324,-0.09190877963695586,-5.250063946323547,0.5058877380718213,8.892855033571994,,106.88283480152006,
EE,2005,38200.08720923759,-0.14252264108468446,-4.175632216368609,0.39804069759417554,8.335535158729275,,-5.969442455078244,
EE,2006,36193.38923469217,-0.5024938255612044,-5.4897877115972396,0.25648650181145793,7.734911220728897,,-5.396131424538275,
EE,2007,33685.30288284877,-0.6611413739735439,-5.780607663137128,0.20703499954973095,6.497395303261438,,-7.18148583328464,
EE,2008,34687.20789025354,-0.07460058618034646,-1.6506856710250635,0.35664149210035023,6.496914472145823,2121.3016802699126,2.9309344293285022,
EE,2009,20433.317414010045,1.0325666286418482,7.142445350342839,0.4077908225278724,8.784923513757281,1886.5011636064005,-52.92041951015314,-11.72473793592852
EE,2010,22702.317358335098,-0.09256390054818166,-3.14106622951701,0.30475458467292543,8.83532346030933,1550.2190252430212,10.530023035939351,-19.62127288950075
EE,2011,23976.6420100883,-0.27484798855520726,-3.062030993488801,0.2874484300359338,8.215723295511486,1576.5481532619954,5.461310130622543,1.6830750288518104
EE,2012,23710.5374636721,-0.006641853466504969,-0.7316088346406044,0.3578644974191119,7.961834712216198,2453.1549879185363,-1.1160538805590647,44.19106615408257
EE,2013,27437.033828098032,0.1283550838175977,-0.4449587750893548,0.2487311067807773,7.991899718284766,6254.990145534313,14.597413232335121,93.57569264840535
EE,2014,39141.632923936886,0.298509187746499,-0.17768013793631487,0.4749852612235832,7.947193648602003,2820.659414076854,35.529298080665406,-79.62142714470258
EE,2015,40447.82411170621,0.02660422366635824,-0.20757230042220837,0.3340745640038688,7.980842807353548,4302.717271482179,3.282616883302225,42.215397439800206
EE,2016,39843.1469818611,-0.20714972817754476,-1.6432150218786543,0.2670914533251209,7.579037625129445,5121.8545324974675,-1.5062429905466246,17.423267857958713
EE,2017,40795.07163138731,-0.3462265539838699,-2.7233172225622817,0.21788437996736804,7.184121950404758,2740.349861369381,2.361086066028939,-62.526136034746486
EE,2018,40730.086674758095,-0.496561767976815,-2.2023417636401996,0.1758271828411419,6.386309085037914,2479.377220038527,-0.15942310752432576,-10.0039795758188
EE,2019,40328.24344427494,-0.43901372831579155,-1.885220014931349,0.17730897969951692,5.922054583718419,2399.1191109824404,-0.9914996321610303,-3.289228776595454
EE,2020,27840.779571748306,-0.7075713512627599,3.2769706631782274,0.1642680062479845,7.012866703040967,1040.33560858285,-37.05502164358592,-83.50142374527509
EE,2021,42309.025254156135,-0.17746959593022796,-5.045293354482898,0.13815686561867035,6.664424287639048,1021.8703441825247,41.849858934305395,-1.7891390088006887
EE,2022,144537.11224069394,0.34419495766169556,0.1394422989810575,0.5518765308442011,5.23765546115559,3558.0537151892395,122.853588041629,124.68819610323561
EE,2023,77896.53171801753,-0.03542442732056057,-1.5055075334128376,0.6767521115157298,5.192520004008596,3975.6953244179185,-61.81548770401424,11.095645470132709
EE,2024,66482.21665349026,0.36639981360797075,-1.5477534899969982,1.2990479516501807,5.523223713073592,2810.073045530972,-15.844693649761865,-34.68848767012265
ES,1998,15041.181984293136,-0.08730686949813404,-1.7484650767098844,0.30453510074073725,8.0449818104019,,,
ES,1999,16111.717428238393,0.3124203653836887,-0.18380532281692116,0.3200617232315819,8.706884808610662,,6.8754893038196485,
ES,2000,17014.773605745624,0.14287806828081398,-2.383234332452588,0.30956625373723656,8.800436404391519,,5.453520444237725,
ES,2001,9853.212452949921,-0.1987258137508136,-2.8376061017199947,0.28437595762536616,8.407105710726325,,-54.62844629273835,
ES,2002,18294.748822061174,-0.011064121919510015,-2.16394606476867,0.2878112992539202,8.782071365935348,,61.8816529687221,
ES,2003,9176.402075364007,-0.054694244019464225,-2.704767858538302,0.2770938563482,8.345782461482914,,-68.99788720360948,
ES,2004,20549.160976890103,-0.18962835350900537,-5.367951017960066,0.25240093088360815,8.068059634270261,,80.6184914714347,
ES,2005,20422.904594148305,-0.11377036631267094,-3.9934251057661565,0.23342340183942542,7.5791026642855535,,-0.6163066500015191,
ES,2006,22584.02956400166,-0.3792666012647097,-5.360347054609239,0.18294070543172253,7.0942550407225955,,10.058595478522214,
ES,2007,23997.008256069836,-0.3775048338741556,-4.963451211781021,0.19841105784880422,6.560865448870226,,6.068616656187764,
ES,2008,61343.70693921185,-0.6990188566544353,-4.324580493970838,0.2708868635744685,6.324580753027367,427.98070646087854,93.85634229369887,
ES,2009,34245.36504761,-0.08947015904472096,1.8957573362965747,0.26026030309124537,7.128117559135492,417.93608273548665,-58.29413610440195,-2.369358351706463
ES,2010,35245.56097913528,-0.008750192693937054,-2.5000966259203703,0.21952065410906182,7.1392038735585315,372.62674358434117,2.878836318492972,-11.446107385238147
ES,2011,36191.27253499706,-0.3699046727236637,-3.56360149799636,0.17787316960553323,7.0485070134968595,548.476768859657,2.6478407912811974,38.5709208816901
ES,2012,33545.31676188177,-0.12791575881343253,-1.7511137747949987,0.1892217482318361,7.108799401386939,630.0097856769155,-7.592073570701885,13.835487454578832
ES,2013,34031.20607055566,-0.22638864171421674,-2.1750573177448436,0.16749922326901295,7.2358015824369915,1022.0947155639791,1.4380665412026872,48.326597712457975
ES,2014,60860.63780702008,-0.260874245866063,-2.206052160857697,0.22586367653087647,6.993202477796659,1303.1331199066594,58.1308695042571,24.270647534433998
ES,2015,66873.70172040274,-0.33317217224259404,-1.9479281286664016,0.2153799504332268,6.914613657546317,1868.066494866736,9.421916718209822,35.99005615063176
ES,2016,64191.904805814156,-0.026309205914027797,-1.1724188170273264,0.14449688475359915,6.716264782466388,2664.171975908072,-4.092868212294043,35.4829481214975
ES,2017,64280.34282363978,-0.30443442013893407,-3.1789272835685587,0.1165386840646553,6.371595065494582,1829.0372243645704,0.13767647632363378,-37.593227900406575
ES,2018,61102.866017089436,-0.2925817391498638,-2.068650652486209,0.15259882090801116,6.0920317979025995,1437.7314073646762,-5.069510207387573,-24.057454962881053
ES,2019,64426.060215341546,-0.12080697657981038,-1.1963705216395772,0.1471973772140248,6.009954857785072,1494.6487643868193,5.29594409182792,3.879831062204797
ES,2020,39111.87952955416,-0.07172205940760112,6.877719187391979,0.11938175085148667,7.6254981869521465,917.4558026881879,-49.90919678543975,-48.7621563318454
ES,2021,46215.72044281126,-0.47861941509956557,-6.935330518137191,0.1456242994083201,7.091378261906513,1155.1269757741745,16.689376440279347,23.01370993491849
ES,2022,72826.45355415162,-0.10240111934685057,-3.153404456740322,0.2336155286423395,5.926243656220979,3174.1056018770964,45.47592526611162,101.02652873720261
ES,2023,55668.92581148609,-0.04919106720373663,-1.558868054252544,0.22859268912337294,5.676489443395136,4210.234385440264,-26.865715583022087,28.24149156858251
ES,2024,50128.76242978864,0.04645040833739485,-1.428703112726373,0.2863907258379222,5.668433904845997,3875.9234126064352,-10.482716261181224,-8.271390371031906
FI,1998,25585.03506707587,-0.16067759466543866,-2.3475604622265456,0.2951030308223491,8.775464585818245,,,
FI,1999,26859.35612796012,-0.2242861120507164,-2.8471199290258804,0.698703541248071,8.688564481284427,,4.860660653213245,
FI,2000,27952.122201375027,-0.4504944290510743,-5.313397045534707,0.5560768178879686,8.146329583070882,,3.9878905812541277,
FI,2001,18617.555554364288,-0.40424941683890964,-2.728135955792342,0.44743018555139175,7.807690708551671,,-40.63881426270566,
FI,2002,32391.1287132959,-0.48873343734938285,-3.2251691999769667,0.4234400740786595,7.54480497473766,,55.377959757714734,
FI,2003,14593.967087929024,-0.3444081240486977,-3.337599512671169,0.36198186105113994,7.871093123550934,,-79.72763499989597,
FI,2004,36139.285493922296,-0.28026645360814745,-5.447603783395582,0.46768073345897565,7.822901057399789,,90.67722843002332,
FI,2005,34554.76486323492,-0.3009992385841512,-4.523704673875824,0.4226582962259806,7.563924818741038,,-4.4835061653010655,
FI,2006,35703.715434820486,-0.48717938602868077,-5.339404953715946,0.43132420556915235,6.920367225967274,,3.270930436490005,
FI,2007,31352.57299006929,-0.37326052870858234,-4.821009621843417,0.41075437706506246,6.228688092525832,,-12.995842041520156,
FI,2008,36929.16716431912,0.13200916577745728,-0.785852024615326,0.46390393194995544,6.383109119905652,2002.2357103609097,16.370534011268667,
FI,2009,23478.28569628905,0.47053164147060766,4.26801419399967,0.5024729124604385,8.765336899098061,1756.0316281812457,-45.292569580912634,-13.113791813815112
FI,2010,25286.05826822306,-0.13641350222703127,-3.640546870215358,0.4141438645372362,9.224146654247692,1584.857157216184,7.41772061908712,-10.250075593476815
FI,2011,26408.173854483564,-0.27548638102141654,-3.4040538322248035,0.4434148511648978,8.4408822707962,1654.3776753286786,4.342039067734049,4.290413106065394
FI,2012,26792.584925687177,-0.08755504437202594,-1.8678027418346268,0.49128690045577117,8.228503890534329,2124.6515673372023,1.445158942461866,25.004918989120117
FI,2013,30409.376077837493,-0.08358913139326604,-1.6150864028728071,0.4133895768406064,8.074974698795181,4124.786811316457,12.662581711649068,66.31783684335116
FI,2014,42463.02812897865,-0.21054988956438012,-1.9439269669457444,0.4534528350792109,7.669533697414798,2823.044567591836,33.388278647539416,-37.90866425033785
FI,2015,47772.12754466141,-0.4150910150499421,-2.085186008206425,0.45126348410155337,7.33367281852661,5888.672929761315,11.780859271704891,73.5030365138143
FI,2016,44033.27565568168,-0.2584288149060475,-2.0216375512796074,0.43602023964289693,7.100727671978236,7454.0999236099005,-8.149675066899498,23.569788532651437
FI,2017,45679.00781859362,-0.3248276857771422,-2.8888499026595498,0.39508247416372927,6.645819911012237,3229.4430893764156,3.6693231857494624,-83.62790444964396
FI,2018,44990.67470549607,-0.43459540339389113,-2.318746771966499,0.3450320497277769,6.245054265113849,2725.7187973250066,-1.518360532469032,-16.952032661270255
FI,2019,46296.51423268156,-0.3875472132451031,-2.0572213026044097,0.32858428851712596,6.036320030288005,2680.001125748824,2.8611432178141882,-1.690870143454859
FI,2020,28243.772730074917,-0.5116679961106739,3.8072058927584544,0.37108189339703146,7.232967603897236,1417.7719487516251,-49.41936727472598,-63.63986065389504
FI,2021,41578.27650937454,-0.26553113562791314,-5.593155455318547,0.3456465970715293,6.931195612259941,2052.6987884798373,38.67048326202003,36.98507818293901
FI,2022,61008.10808796924,0.04196638316945041,-1.519760496103421,0.4113438623933147,5.916968173472533,4210.002941688892,38.34289432354048,71.80583933090423
FI,2023,52969.47777182144,-0.057394218038683296,-0.8190044573313331,0.4311290698609778,5.832494327030034,5442.97216452015,-14.129091824976214,25.680812396753083
FI,2024,48149.68143854618,0.05534238558264242,-1.6389002147856917,0.7361497702619947,6.01879767881314,3788.6908077247813,-9.540133436508036,-36.222453702843715
HR,1998,18719.6464756784,-0.6403745030540035,-9.954769691091538,0.4761933398796503,18.068293757876166,,,
HR,1999,21417.019222044866,0.2803357198037566,-4.971333096184335,0.506723272544155,18.463277627488868,,13.461231067656065,
HR,2000,20991.765084432496,0.6837936616840483,-4.407263461753458,0.02410105606030768,18.777903419306057,,-2.0055674721112027,
HR,2001,15537.452406956229,0.6923868926160884,-2.226546846635335,0.08453185139113584,19.290108644879442,,-30.08768282564045,
HR,2002,22258.411576913382,0.5402614149387683,-3.8440512805003313,0.019244077082152172,20.102767940855248,,35.9466591846628,
HR,2003,11374.315785936318,0.881905284548218,-3.2822074324036015,0.014988381651737492,20.993144585398635,,-67.13621732295874,
HR,2004,21880.48478534823,0.8560320824638541,-5.867983050490997,0.01925043443759758,21.85941352600185,,65.42373215189201,
HR,2005,22433.744518188694,1.0699961485091152,-4.3203164588589384,0.016113573426067136,22.65269883222717,,2.4971143145878116,
HR,2006,22463.741577753506,1.0831050188931792,-5.299532537614969,0.012982546273085932,22.98968885155003,,0.1336246932140739,
HR,2007,20269.915920356212,0.7694710339666078,-6.146753607111883,0.011433673032763138,21.20410397378812,,-10.276471146700494,
HR,2008,33786.04007393094,0.21649976579540067,-5.273447015309254,0.015389263141347139,17.369569553893978,694.5650676300093,51.09098891394748,
HR,2009,20293.996085020583,1.0861745789009263,2.2642451545486946,0.01687850443149704,18.3305348567588,553.2747206586574,-50.97226186666557,-22.70641126687538
HR,2010,14649.866504242627,1.1589724711219012,-2.6339279973765786,0.012535130617337718,20.56528722170881,2051.937830798958,-32.58938598605532,130.9366684934127
HR,2011,17328.796740317568,1.0696514215928756,-2.607779295171775,0.01854370430817648,20.944404133411748,1917.17348567588,16.793844605364328,-6.789843174028132
HR,2012,17407.35995967403,1.2408603699915937,-0.7585425017115351,0.016241447004021126,21.303290397378817,3930.573636898261,0.45234338383917105,71.76663385356497
HR,2013,16778.886163152147,0.8452278929099378,-2.6607210482555814,0.012728709413082247,20.869485390237752,4152.203730152062,-3.6771782974113876,5.484025733661646
HR,2014,31962.47169621104,1.071023314844805,-1.8602654808099255,0.026500416364881298,20.537825405359996,6125.059648828026,64.44411350846835,38.86717257715944
HR,2015,35206.101671847435,0.4765114319944452,-4.018209607077089,0.022385801717235226,20.36995125598589,5477.064269511888,9.665695544633301,-11.179994229059353
HR,2016,35946.94458539864,0.527647076486854,-3.599224795983779,0.021048939916329945,18.654067109132153,2698.712341426531,2.0824679352621445,-70.76065759449648
HR,2017,39654.92791733176,0.4826847397430269,-3.7625490217878554,0.016996925368077315,15.426526203478115,1146.0202469965554,9.81711359041455,-85.59777369976356
HR,2018,41728.67388053432,-0.16156352409121702,-4.160392836518506,0.015317306425098976,13.913028665042425,795.1788624716459,5.097328974587612,-36.50989069062716
HR,2019,42651.762312022176,-0.0134615521417254,-3.492890236467396,0.01621838389699109,11.947450861127448,678.1727295639755,2.1880077878048354,-15.894837882787982
HR,2020,32311.38229017895,-0.07835912951767535,2.4377818576540036,0.014656813161414359,12.204655011341679,339.9747122574141,-27.76490323751819,-68.90671664416112
HR,2021,37481.48196253045,-0.2130415701355554,-8.09809386151545,0.010592084716882093,11.592221540788039,712.5719566495841,14.8427435639773,73.8474965145719
HR,2022,47071.096664706376,0.06219758167878778,-4.559105117312316,0.025424932165381664,9.823850945139881,916.9170797277997,22.78121570558458,25.182377737031914
HR,2023,43543.46358060993,0.18803649809321454,-2.2420081405099994,0.030622377567354385,8.579283491556751,973.447954297236,-7.78995516968326,5.976405047805233
HR,2024,40891.955322187685,0.011019537884293964,-2.85975573508656,0.04695424868368214,8.523274502226329,778.762328824666,-6.282624972299011,-22.288194330881073
IE,1998,40215.43565191116,-0.4535008831194039,-3.443848452056834,0.12523863828019832,9.194246506643916,,,
IE,1999,43502.87358913613,-0.1972085496301705,-2.95000618000353,0.08773576056130748,9.564826651329671,,7.857610206579402,
IE,2000,46136.60514094038,-0.05872810554614638,-4.194070961779066,0.1057072879960367,10.028375398342893,,5.8779677252655205,
IE,2001,49244.56814932748,0.03445214466091927,-2.2001340228770117,0.10805451601236342,10.572811532709188,,6.5192397465510865,
IE,2002,54984.83723995033,0.042221849956353266,-2.4480684647299857,0.08661595813870776,10.868919379207199,,11.025839052624953,
IE,2003,18368.0412092865,-0.022445216819220102,-3.3724168905240166,0.08290819561629029,10.704072520624957,,-109.64451970060125,
IE,2004,76363.41334216988,0.16346081552492978,-4.138092484815773,0.08944279690791813,10.247944621767868,,142.4891434843941,
IE,2005,89677.83349203569,0.08649217334130406,-3.6428684514174603,0.0723026275604352,9.673040678585847,,16.071992175000993,
IE,2006,96398.32916898372,-0.08329233201360245,-4.53726892942654,0.07963864637836905,8.366438554259698,,7.226524892881159,
IE,2007,78818.77854547395,-0.27182015973110385,-4.807650713687929,0.07464613673582432,6.945680147478918,,-20.133759430632736,
IE,2008,94013.81669497916,0.02853990874089079,-1.6616726293119992,0.08887793874627656,6.588139480319639,264.3930714363705,17.629048269738767,
IE,2009,42542.50964783314,0.28637266736730727,2.858001727065244,0.10146823990177371,8.850768858282612,255.67763363372515,-79.2937954540916,-3.3391061729796334
IE,2010,45244.829904093,0.20377994183431836,-2.5595909677279485,0.07468648368771032,9.695556593257308,223.01371950058277,6.158460431056767,-13.611365595994052
IE,2011,50668.942859537,-0.05333660534319852,-3.001984085616533,0.07949553606280875,9.375768883674988,297.8352110995153,11.322474867330534,28.818499026445643
IE,2012,48512.938634245686,0.09063330931122122,-1.6362250484447154,0.08211264579751573,9.511921390283353,308.7861682651167,-4.3482617699472925,3.598999166732497
IE,2013,54963.72017348071,0.14304687851015188,-1.3202975850065872,0.08709953422876086,9.364696858201357,436.3190323473474,12.484279604043813,34.47807001942698
IE,2014,90449.37264327014,-0.23255324809297667,-2.62743492232105,0.10762569040188485,8.544316150312707,544.8011396098208,49.81169414973472,22.159171635837183
IE,2015,93361.6873233643,-0.4012349970715985,-2.6159919006591883,0.11213864024737312,7.78665985389227,928.362166375924,3.1690785249125497,53.22438120087831
IE,2016,87289.57061492716,-0.191235070711748,-2.121910991244931,0.1055239702817025,7.083738296019237,1220.177733933609,-6.725007144436468,27.307251951131306
IE,2017,88358.10135874603,-0.352495076835275,-3.2667993487479148,0.10088038411502363,6.389862309842847,750.2364918909448,1.2166901084503579,-48.585052291069
IE,2018,84957.37525614559,-0.7802818057536527,-3.24284104138174,0.08634903361243758,5.716828192646876,577.5270365320109,-3.9248227617290965,-26.123522372386265
IE,2019,84458.97820826319,-0.56943686321136,-2.3415306034037355,0.07604268054470201,5.297343421724193,591.9761108529553,-0.5883711642765022,2.466883182682089
IE,2020,55150.05903727347,-0.4058523568063555,4.453619430268015,0.08020275473826069,6.193154875717017,268.2788412951127,-42.62081353114748,-78.940668548766
IE,2021,69978.72999779087,-0.5149090677629182,-6.573702144444966,0.07507137754477561,5.901131603604702,342.7384407557787,23.813352251659303,24.413359406404656
IE,2022,76967.61560259917,-0.5775501551702537,-3.6910739594454496,0.09426227914363199,4.929432815582793,1077.8256254776943,9.519341809592596,114.37473231475037
IE,2023,73608.3309515285,0.0283265967767227,-0.5312487042704492,0.09408165352278808,4.867290344041298,819.1257532013437,-4.462654519165277,-27.41706586077637
IE,2024,63929.91195955503,-0.10405910878601399,-1.5788591982968898,0.10122208754274105,4.954198700418212,747.9967700898128,-14.097085396578102,-9.072301485156764
IS,1998,50181.21521460407,-0.36009694479596466,-3.6688265718339164,0.06504905856990051,8.54849984736553,,,
IS,1999,53663.079492032484,-0.27145916586495966,-3.372107840038326,0.07910428974847611,9.362091824897735,,6.708447456344224,
IS,2000,57325.649856523596,-0.07772440366498153,-4.566203221516623,0.07538223047708983,10.2402613102143,,6.6022932715272376,
IS,2001,59181.33390316869,0.20594113789941823,-1.8163492372501926,0.08073302001602968,11.539225776909456,,3.1858021446705465,
IS,2002,62781.29208132365,0.2639830111434979,-2.018680921539516,0.05302853018712645,12.204618596983943,,5.905094581892811,
IS,2003,14466.268819830271,0.203974430171429,-2.958687185421506,0.05475510783607528,12.307329018865623,,-146.78374811731788,
IS,2004,91887.79998778924,0.27983619052333164,-4.340675833322177,0.0551557672087746,11.811244154099763,,184.8748616297213,
IS,2005,116017.7676903352,0.28634119854632467,-3.438067120552728,0.054838766048803465,11.13855925270163,,23.317508169743384,
IS,2006,145645.0435924049,-0.13850952403011316,-5.145688581625576,0.05243210713104215,9.098525062580133,,22.742910413010264,
IS,2007,117148.8238598205,-0.2797300794561992,-4.952859458487254,0.04899690754261356,7.0308918737407655,,-21.772732795691496,
IS,2008,129439.78521277246,-0.08898129040273972,-2.0244038491128675,0.05499677941372747,6.116810733255998,132.848769766164,9.977066865682716,
IS,2009,46825.90964039319,0.10573943326915483,2.1042586158163967,0.06059043813474699,8.166844434947189,118.52616154832407,-101.67791194267028,-11.317530628446981
IS,2010,49768.00799804628,0.13577634301522906,-2.739348631558801,0.03616524255220557,9.289308077416203,151.71286403321326,6.093569339465077,24.502418000716908
IS,2011,53696.80255204836,-0.15779299964475113,-3.5364572868974014,0.03868330071527149,9.027937480920691,141.8343610721045,7.598108903037115,-6.687380779424679
IS,2012,49668.377861896326,0.12880139834737467,-1.2905477407083616,0.038509303081917585,9.17452109408389,192.07186030893217,-7.798498667061438,30.137680809851553
IS,2013,49927.47231210696,0.18680724948429245,-1.1301304448407936,0.04167274984965254,9.098091947005312,335.8733744428842,0.5202928319635092,55.6644663437182
IS,2014,99336.38763050248,-0.26769758144032696,-2.7309137370642746,0.050530498392800216,8.224083887905245,356.35234141278465,68.79405467239633,5.90151295499064
IS,2015,103028.23273704134,-0.49458816093221475,-3.105524480755634,0.04830277020351874,7.271231577019354,528.6537639660542,3.6491109590386372,39.35012717329105
IS,2016,88312.10757677515,-0.3122642580553903,-2.467502797457622,0.043462356005890455,6.448467366750107,497.18847304475247,-15.412583805326463,-6.124505217700005
IS,2017,84254.22046522987,-0.4325224058450701,-3.7357527801455643,0.04828187367331575,5.624921118505403,272.8841809634288,-4.703855433921689,-59.827314554332304
IS,2018,79555.58434580866,-0.9128382712694733,-3.8606633535297448,0.03615894458297186,4.824341840161182,257.27333781061117,-5.738271100755199,-5.868684683259229
IS,2019,67938.63373832346,-0.6445442600926977,-3.013127111497692,0.03453484495397146,4.470714024055193,304.5066853898284,-15.78510988102284,16.79531888285739
IS,2020,52922.051834666345,-0.7125794233025656,2.5042529559082674,0.03713757094321197,5.141389095793394,160.47286159106173,-24.978474182167787,-63.76345729500051
IS,2021,63868.496184138225,-0.6192812938671769,-6.868459634069331,0.03562178762836772,4.9019023749923685,161.84748763660787,18.800611146668267,0.8477015275202504
IS,2022,75065.80090359607,-0.7801412174858933,-3.37227421722653,0.07198547218024035,4.135883265156603,417.224800048843,16.153885192729867,94.3204982988692
IS,2023,71382.18523719396,0.012248013272807643,-0.42311221930357884,0.050676247852371424,4.236287807558459,448.3225471640515,-5.031674254335172,7.172191056571631
IS,2024,61466.00439587277,-0.30399302974866127,-2.3600392066406455,0.06349124601984386,4.3896701263813425,417.27577996214666,-14.956408380601793,-7.160002203488869
IT,1998,16979.858226672437,0.11227869203902313,-1.2663789181538223,0.2928868655021901,8.94971196596671,,,
IT,1999,19800.578497408533,0.024211784624852743,-1.5239173324768303,0.4059311056242723,9.405316813808072,,15.368332289653353,
IT,2000,29662.103278230745,0.017410744144099256,-3.379654731932918,0.30914040744699445,9.357268906161936,,40.41590928355756,
IT,2001,22421.668867906195,-0.5379949886360644,-4.645073858708201,0.2752240145847232,9.098130887829866,,-27.98423957060372,
IT,2002,43219.351039400346,-0.521080314647299,-4.490522170072572,0.17787783831740792,9.494900043063282,,65.62604842373733,
IT,2003,10490.931348330812,-0.2713290758966461,-3.8242689458559394,0.19900609654291473,9.064292613470727,,-141.57771328167232,
IT,2004,60934.49293854225,-0.4812461698690179,-6.996284761555194,0.15742890209354124,9.051215621231323,,175.92881980262138,
IT,2005,63398.098087110586,-0.28012865344714066,-4.691434291542577,0.15952749574004682,8.670707264806456,,3.9634461476278915,
IT,2006,70760.9520585988,-0.569579066053927,-6.4508118274794155,0.21043816180404687,8.218903910575667,,10.987346159078193,
IT,2007,93545.70345866692,-0.5406127840918742,-6.279734792047712,0.22497911810413032,7.574052326491284,,27.91427999539824,
IT,2008,63579.90606067116,-1.0464578759661463,-6.195169751505042,0.2948590137154865,7.008305469036887,585.7227369017554,-38.61526459284903,
IT,2009,33036.06475653902,-0.02018743801561433,1.7769603981080584,0.30457041498874,7.838738767489984,606.9679766701342,-65.4697641855936,3.556984156710552
IT,2010,37061.611069002516,0.17130714218831405,-2.0285755212900396,0.17675764178336953,7.905395351620396,726.1374076722199,11.49818556952873,17.89932554721476
IT,2011,41277.853935687395,-0.4011078920325246,-4.098128412787281,0.17495011637804328,7.954689743880872,781.2617644080435,10.774444000699468,7.307395552726614
IT,2012,32084.555942886425,-0.13128647263127866,-2.243704960415697,0.165339296829622,7.883269251895654,1184.3518464533142,-25.195134074535197,41.56055047083571
IT,2013,33935.488464461545,-0.21154740608082787,-2.3734547057911137,0.17262686144576417,8.076135182906434,1658.509601270827,5.608653308764389,33.648249044765336
IT,2014,83525.56842612397,-0.3533054568470519,-2.9114781386691986,0.4421011846444266,8.06830809068043,2667.8647874300223,90.0691469508482,47.51310709512957
IT,2015,97452.41943330357,-0.2837789562932028,-2.299612708006531,0.41669975332834563,7.976125117759155,6904.215077058727,15.421145939735048,95.06237256401579
IT,2016,90238.74105260574,-0.36019703003254905,-2.8074938451861677,0.3523478521157489,7.459199464828755,4547.0053987649735,-7.690541652695337,-41.75881714422367
IT,2017,93805.56901530332,-0.5765340534300396,-5.02131045085522,0.30702165798097225,6.897468025256973,2247.8870197446686,3.876538886407488,-70.42533270096287
IT,2018,91106.48512475567,-0.8612174660189621,-4.0376548072265095,0.2565343844201459,6.3798613219098,2126.2073727203824,-2.919523680295022,-5.56254090736088
IT,2019,92351.84243236968,-0.542859861123802,-3.1136057291107946,0.26017040700740945,6.067025842061064,2674.012960922884,1.3576668374135181,22.914419867316216
IT,2020,55926.13982576248,-0.42906892519619033,4.3039547690337825,0.2553584458271866,7.059063443160047,1420.2682862961587,-50.157376848985535,-63.24045931938693
IT,2021,82150.93348308309,-0.4998654108827966,-6.81485939848819,0.24099465590630992,6.947644225684333,1978.5469671072215,38.452631907610524,33.1318381688221
IT,2022,174726.5399133211,0.11765284050717328,-2.211367007474724,0.5368590295990193,5.845945898810492,4678.390732290609,75.46639151061072,86.02999020113104
IT,2023,112848.31648444045,-0.15609971615490204,-3.039333416993519,0.5185143848405217,5.662005326140436,4475.710666908067,-43.717753769700174,-4.427936543242872
IT,2024,99973.22164804512,-0.06631108616354638,-2.2849787798236716,0.5443529980738411,5.578055499467591,3298.714970167681,-12.114221837346939,-30.50524585486425
LT,1998,34917.24353512208,-0.3659352388744921,-3.0242341186540007,0.13729144399935717,9.546528849584915,,,
LT,1999,37271.2817117578,-0.3584401873477841,-3.778772416278791,0.43957362855936694,8.967400179705335,,6.524231151486504,
LT,2000,39016.94405059264,-0.38967948608509473,-5.447804400413679,0.3795311116734847,8.130984647661466,,4.577291180889809,
LT,2001,28433.219623134697,-0.4904974001481344,-3.277614675530127,0.29778521280186104,7.499813424590396,,-31.64378479785306,
LT,2002,45433.5786640757,-0.3349157229935366,-2.9619691607878407,0.2932307326675504,7.613318031151791,,46.86932831808619,
LT,2003,17249.04050248707,-0.408022812999104,-3.8338566957901916,0.2052296488424195,7.593812771116452,,-96.84949309299142,
LT,2004,48702.494116584916,-0.21652701306308328,-5.131640892486089,0.2997898513484157,7.400558273109117,,103.79737237839493,
LT,2005,47886.962644505875,-0.2642076064111156,-4.237270353399621,0.23724414345413056,7.052756654041435,,-1.6886953912090163,
LT,2006,51853.34649596093,-0.33728026479786655,-4.788932617358754,0.17932569322999736,6.718826541360172,,7.957618570484648,
LT,2007,48246.582735390344,-0.32357873590458525,-4.54880828434581,0.14774754233848364,6.224376022665227,,-7.2094473322968256,
LT,2008,49805.18301999544,0.09286695947216955,-1.3030714185745278,0.2401556605075021,6.567106116430141,1215.6261097234344,3.179405418187997,
LT,2009,32217.993675919915,0.6954919142601133,4.982623906668933,0.25342426815623853,8.932157194877108,1097.4450458506556,-43.559394903626014,-10.21859588412255
LT,2010,32321.482551815752,0.014346058493689444,-3.0344370535795666,0.18459852347829817,9.216449985597778,928.995993172917,0.3206997349275653,-16.64705863159046
LT,2011,31740.04416108133,-0.03741074642294138,-2.582022902774447,0.18311321210422415,9.062379887619679,1005.835952244812,-1.8152997199043952,7.938769432254311
LT,2012,31855.446133540838,0.11031162092504967,-1.0110369670910873,0.2312302564405212,9.046702028778649,1480.1235796614835,0.362925416858495,38.59882821328506
LT,2013,42037.40399736891,0.0986477352004381,-1.106413931357621,0.1438206953093126,8.734577713958977,3405.4242636595404,27.735143272160556,83.28621628991746
LT,2014,55948.083726349185,-0.08969750759954957,-1.9289079564678353,0.40909766178750634,8.065429134619931,1938.8388799800518,28.586439109302475,-56.30582200246428
LT,2015,58434.29647510996,-0.374106118967118,-2.332900407224077,0.3020290662523996,7.437348813213931,3101.1538329256286,4.3478801450064,46.949173698499806
LT,2016,61055.2873737656,0.02588202495131872,-0.9315852126015942,0.24129368657746006,6.897477405708439,3412.1799804817656,4.387681820641909,9.554774728615634
LT,2017,65590.04641384677,-0.37182636032241995,-3.08425653553975,0.19926273000661032,6.289564610086715,1900.7110613362686,7.164414886600845,-58.489036282992046
LT,2018,64454.82115020013,-0.5710602662692904,-2.6298201986009233,0.16898896433290922,5.652185427531029,1764.0319342398852,-1.745942185122118,-7.458525623548251
LT,2019,70369.20195784234,-0.5913058980758401,-1.8324904041818402,0.17434473023846192,5.191709251385408,1685.3727166029673,8.779116416518562,-4.558888252626669
LT,2020,45408.78116361354,-0.568121000824826,3.970875942823757,0.15273260543852799,6.2172138837418265,825.2872275937972,-43.80501912101327,-71.33927334909957
LT,2021,66747.00212808949,-0.5491221237742759,-6.912127403057487,0.1518050981313139,5.969699199924334,1112.724083524288,38.52038802878042,29.852226271113302
LT,2022,157674.5277661939,0.20254706086431887,-0.8543038881120119,0.5059088865716774,4.445225500101031,3309.494696972954,85.96235732300545,108.93882035312687
LT,2023,94990.72585478262,-0.024514287422358443,-1.5294980039955586,0.5947124821500646,4.32122699191326,3600.427036624635,-50.67536933091965,8.423253247863016
LT,2024,82392.76764702088,0.10365864384002219,-1.8108235053516788,0.9087422267261848,4.353242778468034,2636.3826347897493,-14.228160246462807,-31.154316682493643
LU,1998,37928.71409485638,-0.09495854775751283,-2.8726600552430073,0.02561335638675904,9.379772879091517,,,
LU,1999,42192.986250278336,-0.21665878143202755,-2.985270499564499,0.02487148933692504,9.033020708082832,,10.654555156282974,
LU,2000,40636.75673569361,-0.1174707493448103,-3.458427355616865,0.02195743838518179,7.716663326653307,,-3.7581009275033495,
LU,2001,32107.090236027612,-0.01828473576950112,-1.2490151857531795,0.02722972811036442,7.060987196615453,,-23.55961099810262,
LU,2002,37984.13259853039,0.18090272581006211,-0.6351690368552697,0.02331239954182755,7.504912602983745,,16.809162395334454,
LU,2003,25052.437541750165,0.367734306994889,-0.20481813466501564,0.01965395200255278,8.027875640169226,,-41.61973794732852,
LU,2004,40533.808895568916,0.3615056481168845,-2.318999957543798,0.018540928293662547,8.285738087285683,,48.116528356333,
LU,2005,43613.24460031174,0.5815801729099453,-1.415988819669583,0.01743400881535112,8.766853763081718,,7.322446604506716,
LU,2006,51253.89712758851,0.46101452570237367,-2.44536708149135,0.016080779291624908,8.489377310175907,,16.14307771802892,
LU,2007,43482.630984190604,0.3193324655033725,-2.671840740388589,0.015270935553077422,7.796000334001336,,-16.443008600311515,
LU,2008,52332.61283678468,0.4671298045255284,-0.2285050381924114,0.017065217043348336,7.259218715208194,51.79581384992207,18.525817849713633,
LU,2009,33807.24070362948,0.41551849328224283,3.447822602814461,0.016415646553244893,8.650930360721443,48.59246270318415,-43.69447475878623,-6.25930438695339
LU,2010,38384.81691160098,0.2685531346760241,-2.1102350837412236,0.013040900004847608,8.957617345802717,46.63437987085282,12.698698693064081,-4.028409383113196
LU,2011,41475.556112224454,0.21238173334681176,-1.5609205959185912,0.014157844073196658,8.881197172122022,50.63627254509018,7.744225588028364,8.066961510660153
LU,2012,41031.541249165,0.4327901665893534,0.7396179973738927,0.014065469480965166,9.654529837452682,63.59942106435093,-1.0763174652700158,22.39810670665845
LU,2013,53138.46415052327,0.4943176576398469,-0.11441324615804521,0.01111740412524877,10.026166833667334,101.81919394344244,25.855996826093808,46.47665982084801
LU,2014,69554.76614339791,0.3074855917999133,-1.2186055165407415,0.017394540221702073,9.63755266087731,99.49927633043866,26.92134063566538,-2.282152032367346
LU,2015,67745.56217991539,-0.30724655622220115,-1.268550282735375,0.0315457774874507,9.257825038966821,167.0499331997328,-2.635548958848055,51.411062988764925
LU,2016,72632.82993765309,-0.04556102278148603,-1.2317491697824952,0.05100573442502364,8.641993932309063,170.53802048541527,6.965806788083917,2.054377915936456
LU,2017,69234.84201736806,-0.3536212963456366,-2.2045730830572356,0.022305970055340244,7.757881485192607,112.10448675128035,-4.791278934359511,-41.64928828360841
LU,2018,66838.54709418837,-0.645321172703175,-1.7418312765428912,0.08170497922566844,6.90182192162102,111.10192607437097,-3.522426685201907,-0.8903541309724261
LU,2019,57152.78356713427,-0.12555276795285675,-1.8360564243741722,0.013368071549472114,6.40191800267201,145.64350924070365,-15.655187102888668,26.85960225551005
LU,2020,45135.259296370525,-0.07505752398273392,6.512984888381607,0.015061213406089326,6.639140002226676,76.7752171008684,-23.606435175079987,-63.41817000609815
LU,2021,67013.06045424182,-0.2681660006837636,-5.759364962532397,0.01322060867936356,6.651225617902472,91.93609441104431,39.522378890656285,17.808926590589458
LU,2022,76694.66160097974,-0.11631263183145447,-3.3543066097034617,0.01991296504572992,5.972998441327099,223.68292139835228,13.49445723736693,88.27780699825291
LU,2023,74770.97294589179,0.13751686299027843,-0.8598028297797599,0.020878010504589668,5.999026274771765,275.9137719884213,-2.5402357476590254,20.901599520040914
LU,2024,79136.0339568025,0.221835877256086,-0.7214737735336643,0.025168263140910127,6.085238198619462,220.75651302605212,5.673857298905816,-22.212617347616614
NL,1998,28634.36715514984,-0.22126132434807552,-2.600807009129446,0.3091987138187007,8.46744018663815,,,
NL,1999,31515.67806034313,-0.13101395811222796,-2.254250512113256,0.37063753727927545,8.57960495079445,,9.587749300810167,
NL,2000,32229.089366960794,-0.18536512802432467,-3.8191659998825123,0.28633599026673134,8.348908029095808,,2.2384303009484796,
NL,2001,28835.622654133753,-0.07804014029439356,-1.6819040557715406,0.2968578448803389,8.492874918898314,,-11.125792069571538,
NL,2002,37675.2349314517,-0.06465710284190829,-1.9695891688858036,0.23061750888052523,8.878537170785087,,26.739145970461564,
NL,2003,15603.52185574559,0.14174918011622326,-1.756114259565428,0.28964470790471464,8.91527348603429,,-88.15063314724831,
NL,2004,47338.895435017854,-0.036509754890503635,-4.659474674057252,0.30420914917587566,8.761388694888508,,110.9835622460773,
NL,2005,52978.85594935895,0.16850973796636823,-3.0713639898237766,0.27770312072925524,8.588438891762848,,11.25606183809289,
NL,2006,61292.6945622189,0.007319376187514942,-4.065278132179576,0.3347573383603316,7.918661135290356,,14.576777107158811,
NL,2007,51661.526185851464,-0.010686452497513323,-3.9729672798761,0.3419610957000947,7.11133679009957,,-17.094733054822875,
NL,2008,61755.47245960557,0.024425536129766088,-1.8235199658517716,0.36658468124771143,6.859156274402918,1022.1260336120142,17.846926428464194,
NL,2009,31697.37006727964,0.053450228979774195,1.8517562452645224,0.3332743836115975,8.136169991739214,871.6046424632203,-66.69488801446342,-15.913537743453698
NL,2010,32778.24092950062,0.02020986027558842,-3.0111037316446194,0.29898351223456654,8.407987552049903,827.2310530532467,3.3531194692031363,-5.219041590095319
NL,2011,35354.17188589804,-0.08440952531739175,-2.8827015818625856,0.3273097638033253,8.26550345087671,921.9463716554244,7.565149299704288,10.82789655603289
NL,2012,33938.1579923104,0.11172536847462468,-1.2737676123351995,0.34899561129985734,8.547488482981391,1026.425015988618,-4.0876416091801815,10.723983596768605
NL,2013,40077.986691213446,0.06435469307899021,-1.5070316830167478,0.273499372969572,8.653918502654342,1315.8661058967878,16.62872373981994,24.819906402181235
NL,2014,62508.649606830615,-0.0506391320311935,-2.059135099918758,0.35508658979727087,8.235388015951543,1634.2897150608146,44.44777176163459,21.65652328006802
NL,2015,68090.97011518756,-0.2544937506909848,-2.160456398457336,0.41763530358619644,7.828125299352114,4391.618049585571,8.553966606003627,98.81054315715988
NL,2016,63376.0183285464,-0.11195811689661717,-1.9037476114335496,0.4221485504705269,7.371263382502195,5399.095270873836,-7.175907685336824,20.64911801896603
NL,2017,64645.39879668271,-0.1778384139836397,-2.8776252009884415,0.3640133964434538,6.869209185576876,2374.6831480256374,1.9831401630654,-82.11315587692746
NL,2018,61826.91368521424,-0.42050110053343165,-2.432474584138958,0.3416058075489431,6.36664086957227,2060.605400908802,-4.457816552638327,-14.180003728153068
NL,2019,59808.27623436765,-0.23253912424674136,-1.904450901835229,0.30113753766575435,6.121334716068793,2139.862039516217,-3.319471623864878,3.7723570008310503
NL,2020,38136.75757808355,-0.2401109746293333,4.873828132952683,0.31592524356728197,6.91400901575574,1218.1687594280709,-44.996546707423235,-56.303928833325045
NL,2021,55665.77996678307,-0.3023537181321625,-5.608532296439238,0.3034766789158646,6.675490536591922,1808.9765546613773,37.818701200717975,39.51446101748157
NL,2022,68326.67483206157,-0.24740664782109995,-3.2311249669559317,0.32068762688493924,5.794856561676673,3667.9851032134807,20.49346493591866,70.66011932206094
NL,2023,64933.326901342116,-0.05282056072012263,-1.2602056845180405,0.3178481780194085,5.600552205734121,5005.724449493346,-5.093924075552891,31.08668135896888
NL,2024,62443.75619703771,-0.036486896714061134,-1.5421095397608384,0.32290631105863327,5.6021302636442,3393.110146081514,-3.9094752743906724,-38.87402793163002
NO,1998,32677.952912532997,-0.33069233608384463,-3.137356110738332,0.37252704060606445,8.690343248680806,,,
NO,1999,35203.049498405926,-0.23849742758589115,-3.0085281999022757,0.6184717500026445,8.894238464652457,,7.44320846745854,
NO,2000,37163.35300993364,-0.14848978541878172,-4.130081727458074,0.5326731940729673,8.973143212982215,,5.419042924494022,
NO,2001,36196.540938609665,-0.023475041682233664,-1.8200652494380205,0.41506021858798464,9.497732705847152,,-2.635958148989026,
NO,2002,42245.63233919824,-0.06104777699862308,-2.239071102501641,0.3396520088923917,9.849212849951316,,15.453741178835045,
NO,2003,13683.545963699798,0.11449240883998295,-2.2457929314280194,0.4061593503041834,9.931727152340843,,-112.73068853937893,
NO,2004,57043.15625163525,-0.08769282895592508,-5.372214621761714,0.3769579929320973,9.78075042063019,,142.76140221013554,
NO,2005,66724.2554844045,0.10887174984507825,-3.6787928599332846,0.37187409791001125,9.449229007736513,,15.676042867763229,
NO,2006,80095.15142815227,-0.11879804198454917,-4.759848994727827,0.474945230063043,8.311877658814582,,18.264678350083763,
NO,2007,65688.88835169788,-0.1913517989084707,-4.830632575057799,0.48051875063542454,7.058455477727065,,-19.8285536638501,
NO,2008,75150.13030530962,0.017517071028369042,-1.8552277964666368,0.504735212490078,6.661478904605471,1373.8499548470627,13.455806601377063,
NO,2009,32878.96566193757,0.13254645606394289,2.000631288019424,0.5272464269777314,8.309943177283627,1205.6669809555087,-82.66547384108378,-13.048260378661158
NO,2010,34266.60870076074,-0.037592214940494535,-3.5208569219106107,0.4478889190884297,8.894980660160662,1213.1025332836377,4.133826101658578,0.6143150488417071
NO,2011,36901.9381322896,-0.17171962684318123,-3.4572046963196104,0.46541355384764926,8.532571280163623,1305.4911429295123,7.409270083795327,7.333987860226188
NO,2012,34419.19383692101,0.02659886108750178,-1.7838789777169795,0.4703139393919173,8.597686824170642,1545.3424528462401,-6.964970442448681,16.85474078713325
NO,2013,35959.72999602885,0.046279001580605515,-1.6046559335882655,0.45230418451438403,8.537038239545883,2157.8884444756914,4.378533196924472,33.37010456084517
NO,2014,64334.481808005155,-0.1663576779235185,-2.260947065921274,0.5177938976209382,8.045757338195019,2607.8664603082725,58.169605089314125,18.932234040059992
NO,2015,73084.99734122555,-0.36552583127683214,-2.620604810778023,0.5217614580028764,7.540305956816906,6658.837563070451,12.752735894671119,93.71792737245315
NO,2016,63449.143629037724,-0.26858541804425773,-2.504438355018942,0.5260046244805322,7.008292485414783,7927.352360488981,-14.138441367700949,17.43501467812596
NO,2017,62445.45504915137,-0.22676519370126696,-3.099015331555079,0.4979841117758288,6.560466046371569,2895.493916632878,-1.594524079738413,-100.6944229802003
NO,2018,59504.023418852645,-0.4812535273206297,-2.8138090306393133,0.413453658037687,6.05688649293139,2272.365834138317,-4.824952573731345,-24.22395316779058
NO,2019,55104.07891699725,-0.33999242059818013,-2.305538517077963,0.4031769306035406,5.854459551924915,2228.901379114848,-7.682018979966365,-1.9304119744933068
NO,2020,39099.3111594369,-0.4200116754718512,3.7499360386341367,0.45683365139664206,6.734193789408498,1378.2134766028169,-34.31188915202519,-48.04439676836143
NO,2021,51089.40515716208,-0.1923278695755209,-5.176668792041593,0.4610084006131993,6.6021451969505955,2285.012207184084,26.747229080598167,50.52955131356009
NO,2022,67919.20353300466,-0.26258269998997225,-2.6377985314166152,0.48022413977138956,5.7160222525489015,3794.30450832737,28.474167515206084,50.69557416431376
NO,2023,60677.084642575894,0.02439637047296489,-0.7537854941796267,0.42485797216390897,5.444444424005503,4128.756825509339,-11.275270684518546,8.445387824045447
NO,2024,55835.28850592092,-0.0271288713981653,-1.5676127671970526,0.4892936426018687,5.550740079596298,3125.029229825401,-8.316002854289373,-27.845494270997406
PL,1998,44176.5890822177,-0.30008422663876627,-2.5721539221357093,0.10547668451283757,8.62724278336582,,,
PL,1999,48150.38990453698,-0.2310793337341447,-2.7166091292604393,0.09689205060319629,8.158306619812489,,8.61342459256651,
PL,2000,46370.13185562464,-0.2142906364676831,-3.9520221932890327,0.07948964316328838,7.473523382037019,,-3.767369396332576,
PL,2001,42010.18778187199,-0.3730944761431613,-2.405749974709195,0.13134042850302174,7.112748780036705,,-9.87433868498968,
PL,2002,52235.72270198751,-0.03295918619317283,-1.5816279751931543,0.06072139368015888,7.442196588370869,,21.785444867870396,
PL,2003,27504.60562819218,-0.04159779824649544,-2.205370184639511,0.04760209643016217,7.706454992957647,,-64.1413135744127,
PL,2004,54580.58909644468,0.1193195382407696,-3.4109063745283446,0.06453739758144719,7.8249967847031545,,68.53248404491374,
PL,2005,57779.27863534835,0.22036114814660845,-2.5052743089839407,0.0525179224257382,7.768931639374582,,5.695190179520537,
PL,2006,63038.16813441648,0.060066450745062235,-3.662880679071052,0.046089584509321706,7.3569064007170395,,8.711017606304239,
PL,2007,55531.913343481916,0.05632562552553172,-3.336498311558457,0.03903384337159811,6.687375492609085,,-12.678251565357535,
PL,2008,67603.92648920884,0.2889588206697481,-0.7004749561422305,0.05551501110802531,6.607418258902531,175.37751283984693,19.670819482962365,
PL,2009,43966.48297742179,0.7048721089074635,5.177068699438287,0.05568170997613453,8.279721236608857,181.09092461124786,-43.02384723962174,3.1879490886965733
PL,2010,43642.389762267216,0.012589746645719668,-2.858653882047369,0.04040631844796603,8.219990795145756,198.0044530438618,-0.7398672838336395,8.882105347750624
PL,2011,48474.86663631579,-0.131833301103838,-2.864611320775989,0.04993336602199455,7.844460868699228,229.99487828821015,10.501652965267105,14.906833678452092
PL,2012,47895.09486548394,0.10423652994166994,-0.5436801382125176,0.06895123561172961,7.746025665466859,292.5644126392466,-1.2032354410193236,23.970154067351945
PL,2013,56365.5660060607,0.16216809449266237,-0.6581805883873953,0.04187208708654144,7.611087140235315,516.9321657727384,16.284534471622436,56.77472005405599
PL,2014,73384.8760403477,0.110310504196646,-1.3676633413892627,0.3902816235539708,7.215988575737313,1081.6784987693666,26.38594256467961,73.73490616424662
PL,2015,76484.63816528903,-0.010099671045991562,-0.8955725431033619,0.3252408618775481,6.710377128711463,1908.7133121825607,4.137204647799209,56.75150702210266
PL,2016,80657.38869524392,-0.025193730689137717,-1.2761831854629073,0.2524326156098156,6.273867120033007,1567.9065714407661,5.312050232811849,-19.657420704519257
PL,2017,86416.99349827142,-0.23592929587060338,-2.4676369534700986,0.20871414847065212,5.8312716783565,1030.9372732575512,6.897392577896966,-41.8941041928818
PL,2018,82962.0927029834,-0.28943533578455116,-1.8122024922995197,0.17078249908214305,5.323094424447638,979.1187098977081,-4.08005514291041,-5.15194655897
PL,2019,80750.80654156412,-0.3776211210845506,-1.5122386267207986,0.18224520552970347,4.968441576918153,934.6456059980936,-2.7015838865203534,-4.643691816711382
PL,2020,62334.494814266815,-0.34384644658777597,5.005683112043373,0.15997669539933404,6.212931767417377,450.4700593264949,-25.885298878687202,-72.8727721836111
PL,2021,91697.80446442546,-0.37647825138152613,-5.757619252403459,0.1610420691479489,5.8040405753389575,534.8952183129651,38.598347498817276,17.142959686428938
PL,2022,215777.1869709343,0.3605154666194163,-0.8588897885078568,0.6084661342871261,4.145480914510094,2047.82369929861,85.57478970925168,134.1082448484636
PL,2023,126353.4671285692,0.14462152937766345,-1.215266345327585,0.6105802626409856,4.102681557569464,1662.56135383915,-53.51630593504879,-20.83051250646406
PL,2024,123784.1717480687,0.315974491033202,-0.6803581513645822,0.6431400017810722,4.278252756476832,1156.4633157393048,-2.0543775458657265,-36.272988436606646
SE,1998,22553.543834145956,-0.7278379755545356,-4.677097878426053,0.5015083475591885,8.239145289022511,,,
SE,1999,23912.944504422932,-0.3376376245468204,-3.0316076621324357,0.7743512754434726,8.28256383117734,,5.852771527405842,
SE,2000,25501.396429212866,-0.3782369020167372,-4.442745224274336,0.5324333265771957,8.250690878966472,,6.431328921206614,
SE,2001,21686.317430264207,-0.18523009697728168,-1.6601772311726746,0.45335177552588474,8.426898950635216,,-16.205168408568937,
SE,2002,29542.244845741512,-0.05881287777546071,-1.3531493870722013,0.3545380351507296,8.689170731057526,,30.91397391305346,
SE,2003,11637.47421824127,0.7132378588700452,0.8276557819348648,0.7337423933500128,8.78607211875052,,-93.15908404425741,
SE,2004,36099.64097917998,-0.6270948977249631,-8.250740694608854,0.7077053324517751,8.641149863738983,,113.20524929171239,
SE,2005,39281.28199406313,0.24439978049796154,-3.2107642249216344,0.6564037492734268,8.424091976050248,,8.446520016276615,
SE,2006,45291.92889217447,0.043690585709278446,-4.296808740709855,0.8687467353926885,7.796157189773528,,14.238072618704933,
SE,2007,39332.6990669514,0.06291564251448428,-4.176167865396818,0.8004642792819903,7.09811825375667,,-14.107263621307808,
SE,2008,47477.399023400794,0.024303685066814996,-2.157465452337996,0.8406657487681197,6.891895760367644,2693.523009236244,18.819757752236477,
SE,2009,24502.529459909067,0.04355393485981124,1.5500230437122533,0.7715591561992362,8.070157110030431,2061.164480286147,-66.14774322903578,-26.74650479206564
SE,2010,26066.30114454904,0.11176164110538848,-3.055443101808292,0.7165275073248303,8.437303993733641,1806.2895210865213,6.186698071414831,-13.192792903000772
SE,2011,27803.8238105275,0.028030990458622257,-2.724576648491579,0.8310351529690223,8.327689380883658,2010.9258037605757,6.453022218192217,10.72641539603838
SE,2012,26228.06647873877,0.12588449302079527,-1.7357062948198596,0.8623007521564408,8.53407381347256,2300.4778586948696,-5.834348133330813,13.445908914967486
SE,2013,28614.607949226844,0.26859146019033625,-1.16483457239813,0.8758691461283599,8.590327173964459,2959.856891045013,8.708727783817594,25.19272528110319
SE,2014,48177.542933773904,0.23953777681399016,-1.5740769247709878,1.1346497543679148,8.370755677481945,4651.346704136256,52.09756433637409,45.18930431939347
SE,2015,69735.90986148443,0.00018644205220571958,-1.9790072811352304,1.1246399141403625,8.15439093817572,15889.64635748939,36.98223928927966,122.83588968651759
SE,2016,53427.14628997961,-0.14200046752533305,-2.96769023844152,1.1068015763019237,7.83663415770176,21215.193058037206,-26.63964168540236,28.903405688680195
SE,2017,50992.1120484751,0.11061012736465511,-2.595841927123778,1.046066307822655,7.645124123754761,6696.803844124719,-4.664801924033313,-115.29850254007279
SE,2018,48044.303143382254,-0.03440849040930062,-2.0939325611407753,0.8180444158129865,7.271614980030697,5429.363718050882,-5.954738767060164,-20.977357343581637
SE,2019,47472.796196036805,-0.020562135709024244,-1.8154744539763574,0.7562994054774743,7.076945632425282,5031.0310700853015,-1.1966732059327967,-7.618242088970284
SE,2020,30337.1519434027,-0.12728891322598945,4.683979592985162,0.848938690716133,7.985739862069815,3266.0944676595527,-44.77837371467199,-43.19226459577479
SE,2021,42919.52688438827,0.03557591788140965,-4.551593534220064,0.8033662833422442,7.757706985440904,5568.801753043241,34.69537963352973,53.34584134709548
SE,2022,56323.86216750074,0.030475493221753087,-2.7429855082726102,0.8180036828391885,6.858750683026808,7689.6765375329915,27.179139041104783,32.26492945274941
SE,2023,52300.06518798801,0.13431859299771798,-0.8819232702264835,0.7808745853065351,6.714000926469796,9117.973689852637,-7.412066742152668,17.034850782638955
SE,2024,47952.47770645805,0.14006024532313208,-1.3920022598354451,0.828192412396177,6.681644671285363,6834.778610509161,-8.678714478960359,-28.818688484121857
SI,1998,12245.909581171682,-0.11238756414419822,-7.041869697980833,0.849040925590412,16.23960033197515,,,
SI,1999,22419.133353597936,0.8469464530387927,-2.0242857923642266,0.8872376231174899,16.513925469529667,,60.47227923501026,
SI,2000,14534.225463040442,0.5926525190347713,-4.064502650719541,0.02590848928556375,16.769167486927625,,-43.340851696432914,
SI,2001,14695.330585089125,0.4617759459713592,-2.451362536303484,0.3411188027018276,17.005804141492455,,1.1023551176778668,
SI,2002,19724.570587411585,0.3840615332699563,-3.782753466335724,0.019951136363872114,17.626856898901273,,29.433530047724688,
SI,2003,10885.339936405584,0.7107630946184652,-3.258847446014448,0.016500897675768757,18.520888381894373,,-59.44481725266453,
SI,2004,19347.7235145649,0.7531126754256959,-5.2254317930088465,0.022192617000982077,19.39467528253749,,57.51578407267761,
SI,2005,15205.513724713364,0.8549249897853901,-4.170484014052695,0.01975918211094413,20.013674145215223,,-24.091665760555436,
SI,2006,19358.028224718488,0.9315788733157188,-4.6530934456296835,0.016643653079379327,20.02637058263005,,24.14491216417236,
SI,2007,20367.810108165155,0.5838614183452343,-5.715235650770812,0.015612884714656989,18.441343502064598,,5.084848995911706,
SI,2008,24020.960794827748,0.21783408280992123,-4.573197813609134,0.018756525923400453,15.429704473809142,967.8399756824789,16.49710969126108,
SI,2009,11764.138261502154,0.8097841780554579,1.3459699603120268,0.020007191372670544,16.224070056319654,825.9247659609349,-71.3871042080994,-15.838573582890447
SI,2010,10665.465649793541,0.9667636925216492,-2.927811183382712,0.015468117731432892,18.161856683732193,3250.3974480264214,-9.804476109511207,136.91264482656845
SI,2011,12850.393322244727,0.9238001457666006,-2.856333008127399,0.017453771058498116,18.802648318095038,2567.609556922467,18.636340714735944,-23.57201638695461
SI,2012,12760.046145228882,1.1856895248094919,-0.5224688138184438,0.019219060427231895,19.272048279842757,4419.204950254959,-0.7055525300437182,54.28213397869719
SI,2013,12584.816915021876,0.729285439793387,-2.7541037275644915,0.014903392260207803,18.705610058983652,4876.938092782273,-1.3827813698609859,9.853654475608131
SI,2014,30321.916685166656,0.9766690684948821,-1.7861807328057198,0.06709345081260258,18.11397981850659,6956.6882063437315,87.93796933774125,35.51246563032748
SI,2015,33696.01491838945,0.2936219599525638,-4.180500937039567,0.057396750441046314,17.622539732848804,7146.112236289802,10.550880470004032,2.686112717687905
SI,2016,31205.794291530194,0.26202183531291057,-4.026805024580448,0.04634893194111454,15.957135201319705,3412.9708360514087,-7.677578664143603,-73.88323102081583
SI,2017,33941.12882480114,0.42605979926145804,-3.6119662140242537,0.0390760074953856,13.551279159679364,1576.7125750957161,8.40237266307824,-77.19000211051386
SI,2018,36095.87081658373,-0.20044451356613688,-4.125944876169406,0.03321188607036377,12.247037063727616,978.2889959800951,6.155095830911073,-47.69045457099219
SI,2019,37430.04480981444,-0.24986923380018244,-4.1459869313089674,0.03403760963115452,10.375294399114734,927.6144067651891,3.6295242094057656,-5.313320407972366
SI,2020,27510.57475417787,-0.07732977073316263,3.074204627783809,0.029429471351956754,10.343163617299593,442.6031701577565,-30.790325180584333,-73.87631880821476
SI,2021,33444.21389855632,-0.38636426927930195,-8.810531783093783,0.028321303262019332,10.040005864211235,871.1890140816208,19.530832671738096,67.60757578041465
SI,2022,55980.017285249305,0.04130921598677418,-4.656281026551965,0.09579447658188078,8.56322887842264,1342.7701311165226,51.511599887245474,43.222831337177325
SI,2023,42179.301752432606,-0.02384195474969482,-3.7593865772960955,0.0976313517415974,7.636386703234026,1421.4764697243445,-28.30651719454753,5.692015130959316
SI,2024,37848.80065438723,-0.2951418448168522,-4.229919877079043,0.11234766265188167,7.324669852079797,1057.004043812523,-10.833032834195677,-29.60151898293848
SK,1998,29948.966550361147,0.029119607131858564,-1.687164295197728,0.12241723941694564,8.24670885424043,,,
SK,1999,34122.538593261146,-0.043606367234222856,-2.0428062152871997,0.14516734275391988,8.537548597252442,,13.046330363338399,
SK,2000,36811.917367289396,-0.16157758779170456,-4.164362466559075,0.050427707630846044,8.457806460750106,,7.5863512483485,
SK,2001,29078.125481208717,-0.3514876109599395,-3.2939773638084024,0.06733260802876527,8.279141755397907,,-23.583544442057303,
SK,2002,42964.29267790238,-0.23442001642946342,-2.952410499603115,0.03923154701331053,8.510742213753234,,39.03831780472515,
SK,2003,14516.190178835828,-0.08163360367078626,-2.8233280106710006,0.029934620679398977,8.557194775264263,,-108.51047772885032,
SK,2004,55166.26741685872,-0.08536470490409274,-4.940041436460914,0.04002418048168955,8.804475942782835,,133.50870783760308,
SK,2005,60485.813554957575,-0.0558758461771342,-3.961359382451077,0.03270218425616693,8.66600821434549,,9.20571818793956,
SK,2006,68006.36654263605,-0.22479271023395161,-5.139151633993206,0.03243345189346087,8.03133094284721,,11.71924755749263,
SK,2007,72313.71052800988,-0.20425737787859524,-4.564980934578699,0.026482924541418987,6.852187642431343,,6.14124186250482,
SK,2008,85085.616861296,-0.24221468274655739,-2.757377071900232,0.03503156776288047,6.260251219920431,275.44470766972665,16.264426169334456,
SK,2009,42653.88463865892,0.503689127225636,4.348402110208312,0.03842164831129751,7.870105383100078,232.05365074868993,-69.05396551515057,-17.07421409201242
SK,2010,43720.48310136605,0.2562537568307897,-1.9212241675950967,0.02665651243461931,8.310132820044032,401.78288635105383,2.469836155390759,54.71289854427033
SK,2011,47944.65534511838,-0.10731509396730639,-2.8978763423296843,0.03372664407896648,8.143379932791717,352.9818202886608,9.22306188916,-12.91521165281857
SK,2012,43241.10486809409,0.1862052077258222,-0.3189680775712103,0.043055868300789314,8.301192122983428,489.4909809576536,-10.325578759726106,32.61613346919185
SK,2013,45245.66019904981,0.23113376177647488,-0.6425974923801568,0.03161307742972555,8.314674889595592,750.890767230169,4.531521390759075,42.718416566605825
SK,2014,81207.85675108472,-0.13051844644662156,-2.219324716892752,0.1930874905433524,7.66767254631835,1076.6593492899356,58.490524216193585,35.99556419593979
SK,2015,86896.3386164364,-0.38555481851024503,-2.5611095098762604,0.16263126141366588,7.044381477809679,1656.1768530559168,6.770389758092676,43.032404358818695
SK,2016,82544.34421712652,-0.2759948988482036,-2.261828391446989,0.12764408680371084,6.240036900178964,1307.2344822258558,-5.13802434877384,-23.64369588964692
SK,2017,82982.86322728501,-0.5219436375962017,-4.040079653172207,0.10799101315187715,5.454062019595978,707.2812833949195,0.5298464739828646,-61.35924759829132
SK,2018,77966.50197633546,-0.7540662623917105,-3.246608198150382,0.09100717087437635,4.815897526683747,633.5806434999806,-6.235484673558922,-10.987693093153972
SK,2019,74224.03713193165,-0.6290340752894379,-2.9292332806278814,0.09296175990322389,4.4265647169398346,627.0947868518971,-4.919122432479384,-1.0273287236637785
SK,2020,53881.58266489847,-0.4947330170290153,4.344909441797479,0.08122542396014444,5.140255455844674,300.48616565167566,-32.02993232825069,-73.39669595108606
SK,2021,72566.60065148257,-0.48275599015816756,-6.185641095471156,0.07986582686054236,5.185679164145283,381.53497534408837,29.771604485894798,23.809595784897297
SK,2022,133986.42208603176,-0.0996872672015167,-2.4157514498862893,0.28104430176852613,4.180874222662839,1189.0087422266283,61.32336972464927,113.489584459313
SK,2023,91450.49883479894,0.10606840505220166,-0.6118775233189274,0.2836115939391336,4.245747865943942,1090.0728089714044,-38.19406375515708,-8.67992128854107
SK,2024,84293.14954486345,0.07903288785018449,-1.118013960944566,0.31105963227115513,4.266295201431716,958.5487131287902,-8.149723065635861,-12.845363615824734
UK,1998,20456.029162306528,-0.2594372235855366,-2.1207732331501234,0.21736469691521831,8.002973587366634,,,
UK,1999,21817.64670257996,-0.5122228863942242,-3.1889849428902113,0.29399304085703515,8.082334154687867,,6.444146051184241,
UK,2000,23359.613027898864,-0.2549851643029745,-3.512351467500314,0.3658296308841801,8.001436570396585,,6.828946812519554,
UK,2001,19083.818777369914,-0.25223724266495173,-1.8774876826301188,0.30602558045905187,8.21318307732919,,-20.216780067814533,
UK,2002,25924.919599146506,-0.21805768928072014,-2.1494070866287966,0.2796612427510802,8.51564801571077,,30.636386126609416,
UK,2003,7057.14136967894,-0.22400027108698523,-2.787852395269468,0.2745843572555302,8.511596734530725,,-130.1164588459942,
UK,2004,33612.183390506,-0.09002780441953334,-4.176059611919098,0.30721070544870677,8.369824374163265,,156.0848537788951,
UK,2005,36691.74551675536,-0.1600003312800257,-3.60621290681598,0.2645681172392527,8.088361808168145,,8.76632098098895,
UK,2006,46125.49545468898,-0.25184282204835834,-4.301172254625005,0.3208504640439371,7.403852683808262,,22.881403190493188,
UK,2007,48174.91272592526,-0.23856801668512392,-4.233007339229544,0.29651229249265515,6.666838460388183,,4.347255882563594,
UK,2008,47711.28697012976,-0.07315571335337562,-1.605516016746392,0.3812985394186846,6.522215009984314,651.8358243498016,-0.9670408678749354,
UK,2009,20093.195503428517,-0.43989276954003087,0.11878382298684675,0.43635371195656564,7.744242675324921,629.3169628196299,-86.47867684326158,-3.5102871678904357
UK,2010,23512.67699081642,-0.25021200367721774,-3.6204747767151066,0.30622380095004725,8.024181462881897,537.7258547330808,15.71584965365762,-15.701598523922122
UK,2011,23520.517311833868,-0.29669130362283425,-2.9879337863411974,0.2810034118347639,7.955281596599099,851.2416971682823,0.0333395220389221,45.866334550868885
UK,2012,22619.41502739015,-0.18478540029760415,-2.1078558270013934,0.2966292551181824,8.319917143577463,795.903554364465,-3.9064507843816543,-6.713650808878491
UK,2013,26277.770457105114,-0.17510088228289114,-1.935499230644847,0.30458514942011256,8.386923715802784,1070.9075500133267,14.991474251226933,29.646143661983526
UK,2014,45904.40551300173,-0.45990413502672134,-2.7881561423198242,0.3363623278751552,8.019470293320374,1653.3864502466388,55.783774112830464,43.399039689658906
UK,2015,48473.43258869163,-0.6696177408938019,-3.0439404162989714,0.3464347002419091,7.754602944535169,2984.3609494161756,5.4454773043714155,59.02904454445963
UK,2016,45384.14013828824,-0.4147807673432146,-2.568054619848283,0.30663419460917357,7.358977785763021,4033.8916457922196,-6.585315832562166,30.125878716660814
UK,2017,46606.048916486776,-0.43075439419246253,-3.266541201779777,0.3028570348998156,6.981682900145482,2412.471332060859,2.6567629928313963,-51.39133498903821
UK,2018,47167.8544178205,-0.8070306718234556,-3.2223634213600985,0.23300588846702763,6.604613492375011,1685.2412591374623,1.1982272318908471,-35.856415297158236
UK,2019,45011.99682159196,-0.3397376782116498,-2.078321938590949,0.21523945047809023,6.351329770372801,1600.4862614910967,-4.678355982609439,-5.156983341170651
UK,2020,33363.03362852198,-0.5148494767065547,4.0869421919563536,0.24158576035496182,7.322853373951222,921.9056408208181,-29.94805408124055,-55.11603921731698
UK,2021,47886.76897825024,-0.4337778142586223,-5.755711132875142,0.229630216171094,7.033758603987924,1379.364420165317,36.13907350493051,40.25758175602352
UK,2022,60240.98477438208,-0.46842308612525924,-3.6808390560546815,0.24156732839565134,6.089591030513583,4594.664048953029,22.95136863621341,120.27657240248048
UK,2023,59503.200391166494,-0.2995137610442337,-1.8393070550899409,0.24975587426369456,5.791150071634788,3397.6287627095853,-1.2322831682432422,-30.174121572912327
UK,2024,57572.568951708745,-0.2881577959146231,-2.1156975322431713,0.27652870309357325,5.826037345453095,3366.296725891917,-3.298387840250072,-0.9261781213382392
