country,year,country_period_ret,n_days,avg_n_tickers,min_n_tickers,max_n_tickers,country_period_ret_pct
AT,2000,0.05161293360460428,259.0,1.0,1.0,1.0,5.161293360460428
AT,2001,0.055214683073550486,261.0,1.0,1.0,1.0,5.521468307355049
AT,2002,0.04825576802849385,261.0,1.0,1.0,1.0,4.825576802849385
AT,2003,0.05934576145964687,261.0,1.0,1.0,1.0,5.934576145964687
AT,2004,0.04973819835001958,262.0,1.0,1.0,1.0,4.973819835001958
AT,2005,0.05209879036812026,260.0,1.0,1.0,1.0,5.209879036812026
AT,2006,0.05257710776847646,257.0,1.0,1.0,1.0,5.257710776847646
AT,2007,-0.3080055519472691,247.0,1.0,1.0,1.0,-30.800555194726908
AT,2008,-0.7254901566730407,250.0,1.0,1.0,1.0,-72.54901566730408
AT,2009,0.8809525763892005,249.0,1.0,1.0,1.0,88.09525763892006
AT,2010,0.507594359678696,249.0,1.0,1.0,1.0,50.75943596786961
AT,2011,-0.30419802974148147,248.0,1.0,1.0,1.0,-30.419802974148148
AT,2012,0.3255977639598764,247.0,1.0,1.0,1.0,32.55977639598764
AT,2013,0.27547894647424775,248.0,1.0,1.0,1.0,27.547894647424776
AT,2014,0.2394736667105566,248.0,1.0,1.0,1.0,23.947366671055658
AT,2015,0.11600487458000153,248.0,1.0,1.0,1.0,11.600487458000153
AT,2016,0.07147271096400742,248.0,1.0,1.0,1.0,7.147271096400742
AT,2017,0.5042841728787872,251.0,1.0,1.0,1.0,50.42841728787872
AT,2018,0.10069941433310858,249.0,1.0,1.0,1.0,10.06994143331086
AT,2019,0.39333444760443736,246.0,1.0,1.0,1.0,39.33344476044374
AT,2020,-0.13117504028916782,253.0,1.0,1.0,1.0,-13.117504028916782
AT,2021,0.1607339762022617,254.0,1.0,1.0,1.0,16.07339762022617
AT,2022,-0.059401350405869136,255.0,1.0,1.0,1.0,-5.940135040586913
AT,2023,0.30146398151139864,254.0,1.0,1.0,1.0,30.146398151139863
AT,2024,-0.26220489573957906,254.0,1.0,1.0,1.0,-26.220489573957906
AT,2025,0.008424601702308632,253.0,1.0,1.0,1.0,0.8424601702308632
AT,2026,0.10213140276680677,51.0,1.0,1.0,1.0,10.213140276680676
BE,2000,-0.05426532823489727,258.0,1.0,1.0,1.0,-5.426532823489727
BE,2001,0.16346181350767464,261.0,1.2260536398467432,1.0,2.0,16.346181350767463
BE,2002,0.13217139632654895,261.0,2.0,2.0,2.0,13.217139632654895
BE,2003,0.22507775080713466,261.0,2.0,2.0,2.0,22.507775080713465
BE,2004,0.16611792295446248,262.0,2.0,2.0,2.0,16.61179229544625
BE,2005,0.29218429511813393,260.0,2.0,2.0,2.0,29.218429511813394
BE,2006,0.20371172835619422,258.0,2.182170542635659,2.0,3.0,20.371172835619422
BE,2007,-0.06082988320456806,255.0,3.0,3.0,3.0,-6.082988320456806
BE,2008,-0.15186019531515116,256.0,3.0,3.0,3.0,-15.186019531515116
BE,2009,0.20208049879079315,256.0,3.0,3.0,3.0,20.208049879079315
BE,2010,0.1223013379534359,257.0,3.0,3.0,3.0,12.23013379534359
BE,2011,0.07436238979178023,257.0,3.0,3.0,3.0,7.436238979178023
BE,2012,0.18757826492186314,254.0,3.0,3.0,3.0,18.757826492186314
BE,2013,0.16360863287962912,255.0,3.0,3.0,3.0,16.360863287962914
BE,2014,0.1801360721835108,255.0,3.0,3.0,3.0,18.01360721835108
BE,2015,0.23499445469877878,255.0,3.0470588235294116,3.0,4.0,23.499445469877877
BE,2016,0.21765387589444574,257.0,4.0,4.0,4.0,21.765387589444572
BE,2017,0.1570079203782555,255.0,4.0,4.0,4.0,15.70079203782555
BE,2018,0.12448865234506723,255.0,4.0,4.0,4.0,12.448865234506723
BE,2019,0.4215721506302297,255.0,4.0,4.0,4.0,42.15721506302297
BE,2020,0.05458380222039305,257.0,4.0,4.0,4.0,5.458380222039305
BE,2021,0.24304573546263475,258.0,4.0,4.0,4.0,24.304573546263477
BE,2022,-0.35162488946826587,257.0,4.0,4.0,4.0,-35.162488946826585
BE,2023,0.006022889911494467,255.0,4.0,4.0,4.0,0.6022889911494467
BE,2024,-0.1210870143329762,256.0,4.0,4.0,4.0,-12.10870143329762
BE,2025,0.2696386647626894,255.0,4.0,4.0,4.0,26.96386647626894
BE,2026,0.04726024604319279,51.0,4.0,4.0,4.0,4.726024604319279
CH,2000,-0.2098502040634872,258.0,1.8333333333333333,1.0,2.0,-20.98502040634872
CH,2001,-0.02988603815945856,261.0,2.3256704980842913,2.0,3.0,-2.988603815945856
CH,2002,-0.03852381111449932,261.0,3.0,3.0,3.0,-3.852381111449932
CH,2003,0.06018936801456909,261.0,3.0,3.0,3.0,6.018936801456909
CH,2004,0.7610487925328799,262.0,3.0,3.0,3.0,76.10487925328799
CH,2005,0.11784014513592611,260.0,3.0,3.0,3.0,11.784014513592611
CH,2006,0.22156760500405448,258.0,3.0,3.0,3.0,22.156760500405447
CH,2007,-0.13119554960534408,251.0,3.0,3.0,3.0,-13.119554960534408
CH,2008,-0.10626619072436583,253.0,3.0,3.0,3.0,-10.626619072436583
CH,2009,0.18921197229774922,253.0,3.0,3.0,3.0,18.921197229774922
CH,2010,0.2651403079794461,254.0,3.0,3.0,3.0,26.51403079794461
CH,2011,0.05365617355143293,254.0,3.0,3.0,3.0,5.365617355143293
CH,2012,0.13141799242698937,250.0,3.0,3.0,3.0,13.141799242698937
CH,2013,-0.0763673271161972,249.0,3.0,3.0,3.0,-7.63673271161972
CH,2014,0.16978372584318668,249.0,3.6265060240963853,3.0,4.0,16.97837258431867
CH,2015,0.09682318562401138,251.0,4.0,4.0,4.0,9.682318562401138
CH,2016,0.1256643787729108,254.0,4.0,4.0,4.0,12.566437877291081
CH,2017,0.13862125089887622,251.0,4.0,4.0,4.0,13.862125089887623
CH,2018,-0.0026331199071296663,249.0,4.0,4.0,4.0,-0.2633119907129666
CH,2019,0.2819767595565217,249.0,4.0,4.0,4.0,28.19767595565217
CH,2020,-0.029807170797486293,252.0,4.0,4.0,4.0,-2.9807170797486293
CH,2021,-0.003088673499014538,254.0,4.0,4.0,4.0,-0.3088673499014538
CH,2022,-0.10573309633291272,254.0,4.0,4.0,4.0,-10.573309633291272
CH,2023,0.09202030719216303,251.0,4.0,4.0,4.0,9.202030719216303
CH,2024,0.13973644398117813,250.0,4.0,4.0,4.0,13.973644398117813
CH,2025,0.28737481876475135,249.0,4.0,4.0,4.0,28.737481876475137
CH,2026,0.1301162883912621,50.0,4.0,4.0,4.0,13.01162883912621
DE,2000,0.09090888656155971,59.0,1.0,1.0,1.0,9.090888656155972
DE,2001,-0.31000006410458947,261.0,1.0,1.0,1.0,-31.000006410458948
DE,2002,-0.7826087127833756,261.0,1.0,1.0,1.0,-78.26087127833756
DE,2003,-0.3200000057236253,261.0,1.0,1.0,1.0,-32.00000057236253
DE,2004,0.2091504492028584,262.0,1.0,1.0,1.0,20.91504492028584
DE,2005,0.1081081676856468,260.0,1.0,1.0,1.0,10.81081676856468
DE,2006,0.10056802661246067,255.0,1.4980392156862745,1.0,2.0,10.056802661246067
DE,2007,-0.4266008580259676,252.0,2.0,2.0,2.0,-42.66008580259676
DE,2008,-0.5851930107380519,254.0,2.0,2.0,2.0,-58.51930107380519
DE,2009,0.8044069206675095,254.0,2.0,2.0,2.0,80.44069206675096
DE,2010,0.5797577222129471,256.0,2.0,2.0,2.0,57.975772221294704
DE,2011,0.010554487538533053,256.0,2.0,2.0,2.0,1.0554487538533053
DE,2012,0.4998658249578414,253.0,2.0,2.0,2.0,49.986582495784134
DE,2013,-0.009186080089749749,252.0,2.9484126984126986,2.0,4.0,-0.9186080089749749
DE,2014,0.41680458101401197,252.0,4.0,4.0,4.0,41.6804581014012
DE,2015,0.3170794154137404,254.0,4.0,4.0,4.0,31.70794154137404
DE,2016,0.11787970805630099,255.0,4.0,4.0,4.0,11.7879708056301
DE,2017,0.3222520514005811,255.0,4.0,4.0,4.0,32.22520514005811
DE,2018,0.09608387379919048,252.0,4.0,4.0,4.0,9.608387379919048
DE,2019,0.131990687930448,251.0,4.0,4.0,4.0,13.199068793044798
DE,2020,0.25191849460284077,254.0,4.0,4.0,4.0,25.191849460284075
DE,2021,-0.05975458707658243,255.0,4.0,4.0,4.0,-5.975458707658243
DE,2022,-0.5357704494437645,257.0,4.0,4.0,4.0,-53.57704494437645
DE,2023,0.4893695753791867,255.0,4.0,4.0,4.0,48.936957537918666
DE,2024,0.054464292427534255,254.0,4.0,4.0,4.0,5.4464292427534255
DE,2025,-0.12023664735994877,253.0,4.0,4.0,4.0,-12.023664735994878
DE,2026,-0.00985969245327567,51.0,4.0,4.0,4.0,-0.985969245327567
ES,2002,-0.4492755077195105,164.0,1.0,1.0,1.0,-44.927550771951054
ES,2003,2.2290962236106346,261.0,1.0,1.0,1.0,222.90962236106347
ES,2004,-0.0051729779502854845,262.0,1.0,1.0,1.0,-0.5172977950285484
ES,2005,0.6937266253831242,260.0,1.0,1.0,1.0,69.37266253831243
ES,2006,3.4460455683678086,255.0,1.0,1.0,1.0,344.6045568367809
ES,2007,-0.636395297448751,255.0,1.0,1.0,1.0,-63.6395297448751
ES,2008,-0.9148325254153771,254.0,1.0,1.0,1.0,-91.48325254153771
ES,2009,-0.03370792932021138,254.0,1.0,1.0,1.0,-3.3707929320211383
ES,2010,-0.6395348576383099,256.0,1.0,1.0,1.0,-63.95348576383098
ES,2011,-0.5893548928838472,257.0,1.0,1.0,1.0,-58.93548928838472
ES,2012,-0.28829531824372223,256.0,1.0,1.0,1.0,-28.829531824372225
ES,2013,-0.35761594949705133,255.0,1.0,1.0,1.0,-35.761594949705135
ES,2014,0.7884712674468113,255.0,1.5098039215686274,1.0,2.0,78.84712674468113
ES,2015,0.2575587965241881,256.0,2.0,2.0,2.0,25.755879652418812
ES,2016,-0.013164228770405684,257.0,2.0,2.0,2.0,-1.3164228770405684
ES,2017,0.2113451361554104,255.0,2.0,2.0,2.0,21.13451361554104
ES,2018,0.0011065566258501303,254.0,2.0,2.0,2.0,0.11065566258501303
ES,2019,0.32901760480586706,256.0,2.0,2.0,2.0,32.9017604805867
ES,2020,-0.31301203171578074,257.0,2.0,2.0,2.0,-31.301203171578074
ES,2021,0.17154226996796362,256.0,2.0,2.0,2.0,17.15422699679636
ES,2022,-0.11090515839392812,257.0,2.0,2.0,2.0,-11.090515839392811
ES,2023,0.1780649701828998,255.0,2.0,2.0,2.0,17.80649701828998
ES,2024,-0.06442054811614029,256.0,2.0,2.0,2.0,-6.442054811614028
ES,2025,0.1922510848202148,255.0,2.0,2.0,2.0,19.22510848202148
ES,2026,0.020764822413764428,51.0,2.0,2.0,2.0,2.0764822413764428
FI,2000,-0.24799995441432543,259.0,1.0,1.0,1.0,-24.799995441432543
FI,2001,0.08510597552828525,261.0,1.0,1.0,1.0,8.510597552828525
FI,2002,0.16138799180717234,261.0,1.0,1.0,1.0,16.138799180717236
FI,2003,0.5025599432748986,261.0,1.0,1.0,1.0,50.25599432748986
FI,2004,0.725442920955162,262.0,1.0,1.0,1.0,72.5442920955162
FI,2005,0.35052323313676603,260.0,1.0,1.0,1.0,35.0523233136766
FI,2006,0.6809129689694493,260.0,1.0,1.0,1.0,68.09129689694493
FI,2007,-0.23967529425575895,250.0,1.0,1.0,1.0,-23.967529425575897
FI,2008,-0.534829558291581,253.0,1.0,1.0,1.0,-53.482955829158094
FI,2009,0.9301472573149168,251.0,1.0,1.0,1.0,93.01472573149168
FI,2010,0.1013433964991306,253.0,1.0,1.0,1.0,10.13433964991306
FI,2011,-0.21656070877660483,253.0,1.0,1.0,1.0,-21.656070877660483
FI,2012,0.22142805469784532,251.0,1.0,1.0,1.0,22.142805469784534
FI,2013,0.1456390641764309,250.0,1.0,1.0,1.0,14.563906417643091
FI,2014,0.07914759304326924,250.0,1.0,1.0,1.0,7.914759304326924
FI,2015,0.08668772442927386,251.0,1.0,1.0,1.0,8.668772442927386
FI,2016,0.029853281835475087,253.0,1.0,1.0,1.0,2.9853281835475087
FI,2017,-0.04553039172401463,251.0,1.0,1.0,1.0,-4.553039172401463
FI,2018,-0.18409951393680912,250.0,1.54,1.0,2.0,-18.409951393680913
FI,2019,0.6118193926072706,250.0,2.0,2.0,2.0,61.181939260727056
FI,2020,0.04635043525867566,252.0,2.0,2.0,2.0,4.635043525867566
FI,2021,0.07227999298496446,252.0,2.0,2.0,2.0,7.227999298496446
FI,2022,-0.19174563494959018,253.0,2.0,2.0,2.0,-19.174563494959017
FI,2023,-0.08866995462833172,251.0,2.0,2.0,2.0,-8.866995462833172
FI,2024,-0.26585790158305966,251.0,2.0,2.0,2.0,-26.585790158305965
FI,2025,0.18423650865508212,250.0,2.0,2.0,2.0,18.42365086550821
FI,2026,-0.07019684068089671,50.0,2.0,2.0,2.0,-7.019684068089671
FR,2000,0.2022098706846982,259.0,3.0,3.0,3.0,20.22098706846982
FR,2001,0.3007914136576675,261.0,3.0,3.0,3.0,30.07914136576675
FR,2002,0.20736182725982166,261.0,3.0,3.0,3.0,20.736182725982168
FR,2003,0.345480112238872,261.0,3.0,3.0,3.0,34.5480112238872
FR,2004,0.6567409222109131,262.0,3.0,3.0,3.0,65.67409222109131
FR,2005,0.8015836318045335,260.0,3.0,3.0,3.0,80.15836318045335
FR,2006,0.5472730894463365,255.0,3.0,3.0,3.0,54.72730894463365
FR,2007,-0.12828532337870913,255.0,3.5215686274509803,3.0,4.0,-12.828532337870913
FR,2008,-0.42004946135055865,256.0,4.0,4.0,4.0,-42.00494613505587
FR,2009,0.6382872361695986,256.0,4.0,4.0,4.0,63.82872361695986
FR,2010,0.2202805353800028,256.0,4.0,4.0,4.0,22.02805353800028
FR,2011,-0.15726410947957992,257.0,4.0,4.0,4.0,-15.72641094795799
FR,2012,0.2976324906851997,254.0,4.0,4.0,4.0,29.76324906851997
FR,2013,0.16310670007477812,255.0,4.0,4.0,4.0,16.31067000747781
FR,2014,0.22674846816191163,256.0,4.0,4.0,4.0,22.674846816191163
FR,2015,0.1034365714761818,255.0,4.0,4.0,4.0,10.34365714761818
FR,2016,0.17118101059889113,257.0,4.0,4.0,4.0,17.118101059889113
FR,2017,0.33808820489597036,255.0,4.0,4.0,4.0,33.80882048959704
FR,2018,-0.0815972765765316,255.0,4.0,4.0,4.0,-8.15972765765316
FR,2019,0.5243294818984443,256.0,4.0,4.0,4.0,52.43294818984443
FR,2020,-0.1202721070985352,257.0,4.0,4.0,4.0,-12.02721070985352
FR,2021,0.1291787016954884,258.0,4.0,4.0,4.0,12.91787016954884
FR,2022,-0.24869267133823958,257.0,4.0,4.0,4.0,-24.869267133823957
FR,2023,0.0811108331881838,255.0,4.0,4.0,4.0,8.11108331881838
FR,2024,-0.13047487442676076,256.0,4.0,4.0,4.0,-13.047487442676076
FR,2025,0.10478314927588328,255.0,4.0,4.0,4.0,10.478314927588329
FR,2026,-0.06177426196003555,51.0,4.0,4.0,4.0,-6.177426196003555
IE,2000,-0.4989137367860368,258.0,1.0,1.0,1.0,-49.89137367860368
IE,2001,1.5314153915261977,261.0,1.0,1.0,1.0,153.14153915261977
IE,2002,0.1551994761777491,261.0,1.0,1.0,1.0,15.51994761777491
IE,2003,0.4523213979868479,261.0,1.0,1.0,1.0,45.23213979868479
IE,2004,0.3594004954710346,262.0,1.0,1.0,1.0,35.940049547103456
IE,2005,-0.11470389888542643,260.0,1.0,1.0,1.0,-11.470389888542643
IE,2006,0.24576863865526688,258.0,1.0,1.0,1.0,24.57686386552669
IE,2007,0.5920649803013454,254.0,1.0,1.0,1.0,59.20649803013453
IE,2008,-0.532585005729008,255.0,1.0,1.0,1.0,-53.2585005729008
IE,2009,0.38598499209708614,251.0,1.0,1.0,1.0,38.59849920970861
IE,2010,0.30182094138497706,254.0,1.0,1.0,1.0,30.182094138497707
IE,2011,0.279791789340039,253.0,1.0,1.0,1.0,27.9791789340039
IE,2012,0.8313169334299193,254.0,1.0,1.0,1.0,83.13169334299192
IE,2013,0.36129707506818876,254.0,1.0,1.0,1.0,36.129707506818875
IE,2014,0.05850926929937916,254.0,1.704724409448819,1.0,2.0,5.850926929937916
IE,2015,0.23272894553283163,254.0,2.0,2.0,2.0,23.272894553283162
IE,2016,-0.007681853502023106,254.0,2.0,2.0,2.0,-0.7681853502023106
IE,2017,0.13631305934305837,253.0,2.0,2.0,2.0,13.631305934305837
IE,2018,0.02425202984652053,253.0,2.0,2.0,2.0,2.425202984652053
IE,2019,-0.10609289088842633,254.0,2.0,2.0,2.0,-10.609289088842633
IE,2020,0.040171560262179495,256.0,2.0,2.0,2.0,4.0171560262179495
IE,2021,0.20105711325989506,255.0,2.0,2.0,2.0,20.105711325989507
IE,2022,-0.15725488740568716,254.0,2.0,2.0,2.0,-15.725488740568716
IE,2023,0.17073344311463257,254.0,2.0,2.0,2.0,17.073344311463256
IE,2024,-0.10609992786754285,255.0,2.0,2.0,2.0,-10.609992786754285
IE,2025,0.13072499620594003,254.0,2.0,2.0,2.0,13.072499620594002
IE,2026,0.15300234341645558,51.0,2.0,2.0,2.0,15.300234341645558
IT,2000,0.5803330428267002,248.0,1.0,1.0,1.0,58.03330428267002
IT,2001,0.06468035456514287,248.0,1.0,1.0,1.0,6.468035456514287
IT,2002,-0.17366978176165915,247.0,1.0,1.0,1.0,-17.366978176165915
IT,2003,0.23963614464494198,245.0,1.0,1.0,1.0,23.9636144644942
IT,2004,0.49128734488019243,248.0,1.0,1.0,1.0,49.12873448801924
IT,2005,0.25223832104217636,259.0,1.837837837837838,1.0,2.0,25.223832104217635
IT,2006,0.6894617602769206,255.0,1.9490196078431372,1.0,2.0,68.94617602769206
IT,2007,-0.37385238026629297,252.0,1.9682539682539681,1.0,2.0,-37.385238026629295
IT,2008,-0.3377424601347422,253.0,1.9723320158102766,1.0,2.0,-33.77424601347422
IT,2009,0.3993624086574219,257.0,1.9649805447470816,1.0,2.0,39.93624086574219
IT,2010,0.05887270886741591,257.0,1.972762645914397,1.0,2.0,5.887270886741591
IT,2011,-0.4682276523807244,258.0,1.9689922480620154,1.0,2.0,-46.82276523807244
IT,2012,0.3074454748757842,259.0,1.942084942084942,1.0,2.0,30.744547487578423
IT,2013,0.17045397518104077,258.0,1.9534883720930232,1.0,2.0,17.045397518104078
IT,2014,0.22546379690305351,258.0,1.9534883720930232,1.0,2.0,22.54637969030535
IT,2015,0.3378828370267264,258.0,1.9651162790697674,1.0,2.0,33.788283702672636
IT,2016,-0.14678918458298762,258.0,1.9689922480620154,1.0,2.0,-14.678918458298762
IT,2017,0.4490102523053545,256.0,1.96484375,1.0,2.0,44.90102523053545
IT,2018,-0.21994308818232522,252.0,1.9722222222222223,1.0,2.0,-21.994308818232522
IT,2019,0.24625886069482283,252.0,1.0,1.0,1.0,24.625886069482284
IT,2020,-0.3798317306747854,255.0,1.0,1.0,1.0,-37.98317306747854
IT,2021,0.07222213978792502,256.0,1.0,1.0,1.0,7.222213978792502
IT,2022,-0.12002104728104634,256.0,1.0,1.0,1.0,-12.002104728104634
IT,2023,-0.17432157856969854,254.0,1.0,1.0,1.0,-17.432157856969855
IT,2024,0.08459866923585846,253.0,1.0,1.0,1.0,8.459866923585846
IT,2025,0.4358621752418108,252.0,1.0,1.0,1.0,43.58621752418108
IT,2026,0.1340057378488111,51.0,1.0,1.0,1.0,13.400573784881109
NL,2000,-0.07681964307465106,259.0,1.0,1.0,1.0,-7.681964307465106
NL,2001,0.05240699350922373,261.0,1.0,1.0,1.0,5.240699350922373
NL,2002,0.03134198010853284,261.0,1.0,1.0,1.0,3.134198010853284
NL,2003,0.32730593609243375,261.0,1.0,1.0,1.0,32.73059360924337
NL,2004,0.22723135225333047,262.0,1.0,1.0,1.0,22.723135225333046
NL,2005,0.2848804683651338,260.0,1.0,1.0,1.0,28.48804683651338
NL,2006,0.20913742095708465,258.0,1.2170542635658914,1.0,2.0,20.913742095708464
NL,2007,-0.18594197690348757,256.0,2.0,2.0,2.0,-18.594197690348757
NL,2008,-0.1871503247498757,256.0,2.0,2.0,2.0,-18.71503247498757
NL,2009,0.3021340897259912,256.0,2.0,2.0,2.0,30.21340897259912
NL,2010,0.16789595130079582,257.0,2.0,2.0,2.0,16.789595130079583
NL,2011,-0.2796324064947151,257.0,2.0,2.0,2.0,-27.96324064947151
NL,2012,-0.11857882829878408,256.0,2.0,2.0,2.0,-11.857882829878408
NL,2013,0.01745261131423015,255.0,2.0,2.0,2.0,1.7452611314230149
NL,2014,0.016838492092013935,255.0,2.0,2.0,2.0,1.6838492092013935
NL,2015,0.0708786493112834,255.0,2.0,2.0,2.0,7.08786493112834
NL,2016,-0.07328503229872452,257.0,2.0,2.0,2.0,-7.328503229872451
NL,2017,0.12905370315815845,255.0,2.0,2.0,2.0,12.905370315815844
NL,2018,-0.12926173894126614,255.0,2.0,2.0,2.0,-12.926173894126613
NL,2019,0.06389147093652547,255.0,2.0,2.0,2.0,6.389147093652547
NL,2020,-0.2831106521269027,257.0,2.0,2.0,2.0,-28.311065212690266
NL,2021,0.1967877695375504,258.0,2.0,2.0,2.0,19.67877695375504
NL,2022,-0.12974260892104794,257.0,2.0,2.0,2.0,-12.974260892104795
NL,2023,0.05994179249554121,255.0,2.0,2.0,2.0,5.994179249554121
NL,2024,0.07145581616546637,256.0,2.0,2.0,2.0,7.145581616546637
NL,2025,0.2961984872547967,255.0,2.0,2.0,2.0,29.61984872547967
NL,2026,0.020778061128156944,51.0,2.0,2.0,2.0,2.0778061128156944
NO,2000,-0.04560293097042678,259.0,1.0,1.0,1.0,-4.560293097042678
NO,2001,-0.02601119423095255,261.0,1.0,1.0,1.0,-2.601119423095255
NO,2002,0.28206910087119597,261.0,1.0,1.0,1.0,28.206910087119596
NO,2003,0.4361340155853719,261.0,1.0,1.0,1.0,43.61340155853719
NO,2004,0.3995977691248864,262.0,1.0,1.0,1.0,39.95977691248864
NO,2005,0.3072731074429582,260.0,1.0,1.0,1.0,30.72731074429582
NO,2006,0.8167060152718053,258.0,1.0,1.0,1.0,81.67060152718054
NO,2007,-0.03724724203406515,250.0,1.0,1.0,1.0,-3.7247242034065153
NO,2008,-0.4011860233143567,252.0,1.0,1.0,1.0,-40.11860233143567
NO,2009,0.6041667713090242,251.0,1.0,1.0,1.0,60.41667713090242
NO,2010,0.19439090457289687,252.0,1.0,1.0,1.0,19.439090457289687
NO,2011,-0.12449770053882747,253.0,1.0,1.0,1.0,-12.449770053882748
NO,2012,0.14280783245420947,251.0,1.0,1.0,1.0,14.280783245420947
NO,2013,0.21796262763220886,249.0,1.0,1.0,1.0,21.796262763220888
NO,2014,0.2046380603134721,250.0,1.196,1.0,2.0,20.46380603134721
NO,2015,0.06122348458083371,251.0,2.0,2.0,2.0,6.122348458083371
NO,2016,0.21587630988482998,253.0,2.0,2.0,2.0,21.587630988483
NO,2017,0.23933630097700753,252.0,2.0,2.0,2.0,23.933630097700753
NO,2018,-0.06922926494678916,249.0,2.0,2.0,2.0,-6.922926494678916
NO,2019,0.2770756444028657,249.0,2.0,2.0,2.0,27.707564440286568
NO,2020,0.2605984345879764,252.0,2.0,2.0,2.0,26.059843458797637
NO,2021,0.08237433455288623,252.0,2.0,2.0,2.0,8.237433455288624
NO,2022,-0.26057327882076,253.0,2.0,2.0,2.0,-26.057327882076
NO,2023,0.12667067849709346,251.0,2.0,2.0,2.0,12.667067849709346
NO,2024,0.13511760021403663,250.0,2.0,2.0,2.0,13.511760021403664
NO,2025,0.2567680348145993,250.0,2.0,2.0,2.0,25.67680348145993
NO,2026,-0.027433171883030627,51.0,1.5490196078431373,1.0,2.0,-2.7433171883030627
PL,2000,0.3446066135878636,259.0,1.0,1.0,1.0,34.46066135878636
PL,2001,-0.26133923770620926,261.0,1.0,1.0,1.0,-26.133923770620925
PL,2002,-0.003771155525982617,261.0,1.0,1.0,1.0,-0.3771155525982617
PL,2003,0.9039547601936191,261.0,1.0,1.0,1.0,90.39547601936191
PL,2004,0.2837514187055721,262.0,1.6526717557251909,1.0,2.0,28.375141870557208
PL,2005,0.8032650174293015,260.0,2.0,2.0,2.0,80.32650174293015
PL,2006,1.3512008061267395,258.0,2.0,2.0,2.0,135.12008061267395
PL,2007,0.02411880775916808,250.0,2.0,2.0,2.0,2.411880775916808
PL,2008,-0.6752024825324984,252.0,2.0,2.0,2.0,-67.52024825324983
PL,2009,0.8758516179973552,261.0,2.0,2.0,2.0,87.58516179973552
PL,2010,0.07066201302029063,261.0,2.0,2.0,2.0,7.066201302029063
PL,2011,-0.47472986747271206,260.0,2.0,2.0,2.0,-47.47298674727121
PL,2012,0.37215770499789125,261.0,2.0,2.0,2.0,37.21577049978912
PL,2013,0.025566477738824478,261.0,2.0,2.0,2.0,2.556647773882448
PL,2014,-0.11708485779233502,261.0,2.0,2.0,2.0,-11.708485779233502
PL,2015,0.17865292736379623,261.0,2.0,2.0,2.0,17.865292736379622
PL,2016,0.5920825776655063,251.0,2.0,2.0,2.0,59.20825776655063
PL,2017,0.10328162730053614,255.0,2.0,2.0,2.0,10.328162730053613
PL,2018,-0.10222838902712728,261.0,2.0,2.0,2.0,-10.222838902712727
PL,2019,0.42789979372549514,261.0,2.0,2.0,2.0,42.78997937254951
PL,2020,-0.17117334987315536,259.0,2.0,2.0,2.0,-17.117334987315537
PL,2021,0.05267103253653049,251.0,2.0,2.0,2.0,5.267103253653049
PL,2022,-0.07290411676561237,251.0,2.0,2.0,2.0,-7.290411676561237
PL,2023,-0.015093667585143189,250.0,2.0,2.0,2.0,-1.509366758514319
PL,2024,0.08950296500961374,249.0,2.0,2.0,2.0,8.950296500961375
PL,2025,-0.020609658951944443,249.0,2.0,2.0,2.0,-2.0609658951944443
PL,2026,-0.017236226990612558,50.0,1.98,1.0,2.0,-1.7236226990612558
SE,2000,-0.39808553028221716,259.0,2.0,2.0,2.0,-39.808553028221716
SE,2001,-0.6154753996598767,261.0,2.0,2.0,2.0,-61.547539965987674
SE,2002,0.12824734575028507,261.0,3.1187739463601534,2.0,4.0,12.824734575028508
SE,2003,0.27794518667321233,261.0,4.0,4.0,4.0,27.794518667321235
SE,2004,0.46603988822282094,262.0,4.0,4.0,4.0,46.60398882228209
SE,2005,0.20788312978087387,260.0,4.0,4.0,4.0,20.788312978087387
SE,2006,0.3721593347869845,260.0,4.0,4.0,4.0,37.215933478698446
SE,2007,-0.19268105630999122,250.0,4.0,4.0,4.0,-19.268105630999123
SE,2008,-0.27633376468995086,252.0,4.0,4.0,4.0,-27.633376468995085
SE,2009,0.5679495565849597,251.0,4.0,4.0,4.0,56.79495565849597
SE,2010,0.5682793418740109,253.0,4.75098814229249,4.0,5.0,56.827934187401084
SE,2011,-0.2198308962262513,253.0,5.0,5.0,5.0,-21.98308962262513
SE,2012,0.22009677087814628,250.0,5.0,5.0,5.0,22.009677087814627
SE,2013,0.24286961367489623,250.0,5.0,5.0,5.0,24.286961367489624
SE,2014,74.86013608551636,249.0,5.0,5.0,5.0,7486.013608551636
SE,2015,0.4420730504851562,251.0,5.0,5.0,5.0,44.20730504851562
SE,2016,0.15512746185351456,253.0,5.0,5.0,5.0,15.512746185351457
SE,2017,0.09695113779325748,253.0,5.0,5.0,5.0,9.695113779325748
SE,2018,0.31115395210697394,252.0,5.0,5.0,5.0,31.115395210697393
SE,2019,0.6626183952365965,247.0,5.0,5.0,5.0,66.26183952365965
SE,2020,0.05772947507076798,252.0,5.0,5.0,5.0,5.772947507076798
SE,2021,0.4386816078579767,253.0,5.0,5.0,5.0,43.86816078579767
SE,2022,-0.4788408346398755,253.0,5.0,5.0,5.0,-47.88408346398755
SE,2023,0.1258918750467093,251.0,5.0,5.0,5.0,12.589187504670928
SE,2024,0.029144624900561578,251.0,5.0,5.0,5.0,2.9144624900561578
SE,2025,-0.017967594419018407,249.0,5.0,5.0,5.0,-1.7967594419018407
SE,2026,-0.0509777450757366,50.0,5.0,5.0,5.0,-5.097774507573661
UK,2000,0.1760205123888534,259.0,4.0,4.0,4.0,17.60205123888534
UK,2001,-0.07055977760723775,261.0,4.0,4.0,4.0,-7.055977760723775
UK,2002,0.026422223187152705,261.0,4.0,4.0,4.0,2.6422223187152705
UK,2003,0.3269334816884226,261.0,4.0,4.0,4.0,32.69334816884226
UK,2004,0.38915385968351024,262.0,4.0,4.0,4.0,38.915385968351025
UK,2005,0.16522127647586848,260.0,4.0,4.0,4.0,16.52212764758685
UK,2006,0.4666041422424989,252.0,4.0,4.0,4.0,46.66041422424989
UK,2007,-0.3652337389292849,253.0,4.8063241106719365,4.0,5.0,-36.52337389292849
UK,2008,-0.46664760903084046,254.0,5.0,5.0,5.0,-46.664760903084044
UK,2009,0.25664887258247226,253.0,5.0,5.0,5.0,25.664887258247226
UK,2010,-0.052742189554740304,253.0,5.0,5.0,5.0,-5.27421895547403
UK,2011,-0.15400600329691572,252.0,5.0,5.0,5.0,-15.40060032969157
UK,2012,0.23207070470669544,251.0,5.0,5.0,5.0,23.207070470669542
UK,2013,0.23848957144872118,253.0,5.0,5.0,5.0,23.848957144872116
UK,2014,0.2460471837695397,253.0,5.0,5.0,5.0,24.604718376953972
UK,2015,0.13490155604805754,253.0,5.0,5.0,5.0,13.490155604805754
UK,2016,-0.05399994652564899,253.0,5.0,5.0,5.0,-5.399994652564899
UK,2017,0.12929005525441495,252.0,5.0,5.0,5.0,12.929005525441495
UK,2018,-0.16713382618090322,253.0,5.0,5.0,5.0,-16.71338261809032
UK,2019,0.28925487551810014,253.0,5.0,5.0,5.0,28.925487551810015
UK,2020,-0.30393752692640275,254.0,5.0,5.0,5.0,-30.393752692640273
UK,2021,0.3923007303085724,253.0,5.0,5.0,5.0,39.23007303085724
UK,2022,-0.29769617057278386,250.0,5.0,5.0,5.0,-29.769617057278385
UK,2023,0.09709345632481603,251.0,5.0,5.0,5.0,9.709345632481604
UK,2024,-0.14911254792106243,254.0,5.0,5.0,5.0,-14.911254792106243
UK,2025,0.11733861846314397,253.0,5.0,5.0,5.0,11.733861846314397
UK,2026,-0.03818856250805058,51.0,5.0,5.0,5.0,-3.8188562508050583
